id,Age,Duration,Credit_history,Purpose,credit_amount,Savings,emp_since,disposable_income,Prsnl_status,guarantors,pres_residence_since,Property,check_accout,inst_plans,Housing,no_exist_credit_bank,Job,No_people,Tel,foreign_worker,credit_class
1,A132,6,A34,A43,1169,A65,A75,4,A93,A101,4,A121,A11,A143,A152,2,A173,1,A192,A201,1
2,A131,48,A32,A43,5951,A61,A73,2,A92,A101,2,A121,A12,A143,A152,1,A173,1,A191,A201,2
3,A132,12,A34,A46,2096,A61,A74,2,A93,A101,3,A121,A14,A143,A152,1,A172,2,A191,A201,1
4,A132,42,A32,A42,7882,A61,A74,2,A93,A103,4,A122,A11,A143,A153,1,A173,2,A191,A201,1
5,A132,24,A33,A40,4870,A61,A73,3,A93,A101,4,A124,A11,A143,A153,2,A173,2,A191,A201,2
6,A132,36,A32,A46,9055,A65,A73,2,A93,A101,4,A124,A14,A143,A153,1,A172,2,A192,A201,1
7,A132,24,A32,A42,2835,A63,A75,3,A93,A101,4,A122,A14,A143,A152,1,A173,1,A191,A201,1
8,A132,36,A32,A41,6948,A61,A73,2,A93,A101,2,A123,A12,A143,A151,1,A174,1,A192,A201,1
9,A132,12,A32,A43,3059,A64,A74,2,A91,A101,4,A121,A14,A143,A152,1,A172,1,A191,A201,1
10,A132,30,A34,A40,5234,A61,A71,4,A94,A101,2,A123,A12,A143,A152,2,A174,1,A191,A201,2
11,A131,12,A32,A40,1295,A61,A72,3,A92,A101,1,A123,A12,A143,A151,1,A173,1,A191,A201,2
12,A131,48,A32,A49,4308,A61,A72,3,A92,A101,4,A122,A11,A143,A151,1,A173,1,A191,A201,2
13,A131,12,A32,A43,1567,A61,A73,1,A92,A101,1,A123,A12,A143,A152,1,A173,1,A192,A201,1
14,A132,24,A34,A40,1199,A61,A75,4,A93,A101,4,A123,A11,A143,A152,2,A172,1,A191,A201,2
15,A132,15,A32,A40,1403,A61,A73,2,A92,A101,4,A123,A11,A143,A151,1,A173,1,A191,A201,1
16,A132,24,A32,A43,1282,A62,A73,4,A92,A101,2,A123,A11,A143,A152,1,A172,1,A191,A201,2
17,A132,24,A34,A43,2424,A65,A75,4,A93,A101,4,A122,A14,A143,A152,2,A173,1,A191,A201,1
18,A131,30,A30,A49,8072,A65,A72,2,A93,A101,3,A123,A11,A141,A152,3,A173,1,A191,A201,1
19,A132,24,A32,A41,12579,A61,A75,4,A92,A101,2,A124,A12,A143,A153,1,A174,1,A192,A201,2
20,A132,24,A32,A43,3430,A63,A75,3,A93,A101,2,A123,A14,A143,A152,1,A173,2,A192,A201,1
21,A132,9,A34,A40,2134,A61,A73,4,A93,A101,4,A123,A14,A143,A152,3,A173,1,A192,A201,1
22,A132,6,A32,A43,2647,A63,A73,2,A93,A101,3,A121,A11,A143,A151,1,A173,2,A191,A201,1
23,A132,10,A34,A40,2241,A61,A72,1,A93,A101,3,A121,A11,A143,A151,2,A172,2,A191,A202,1
24,A132,12,A34,A41,1804,A62,A72,3,A93,A101,4,A122,A12,A143,A152,1,A173,1,A191,A201,1
25,A132,10,A34,A42,2069,A65,A73,2,A94,A101,1,A123,A14,A143,A152,2,A173,1,A191,A202,1
26,A132,6,A32,A42,1374,A61,A73,1,A93,A101,2,A121,A11,A141,A152,1,A172,1,A192,A201,1
27,A132,6,A30,A43,426,A61,A75,4,A94,A101,4,A123,A14,A143,A152,1,A172,1,A191,A201,1
28,A132,12,A31,A43,409,A64,A73,3,A92,A101,3,A121,A13,A143,A151,2,A173,1,A191,A201,1
29,A132,7,A32,A43,2415,A61,A73,3,A93,A103,2,A121,A12,A143,A152,1,A173,1,A191,A201,1
30,A132,60,A33,A49,6836,A61,A75,3,A93,A101,4,A124,A11,A143,A152,2,A173,1,A192,A201,2
31,A132,18,A32,A49,1913,A64,A72,3,A94,A101,3,A121,A12,A141,A152,1,A173,1,A192,A201,1
32,A132,24,A32,A42,4020,A61,A73,2,A93,A101,2,A123,A11,A142,A152,1,A173,1,A191,A201,1
33,A132,18,A32,A40,5866,A62,A73,2,A93,A101,2,A123,A12,A143,A152,2,A173,1,A192,A201,1
34,A132,12,A34,A49,1264,A65,A75,4,A93,A101,4,A124,A14,A143,A151,1,A172,1,A191,A201,1
35,A132,12,A32,A42,1474,A61,A72,4,A92,A101,1,A122,A13,A141,A152,1,A174,1,A192,A201,1
36,A131,45,A34,A43,4746,A61,A72,4,A93,A101,2,A122,A12,A143,A152,2,A172,1,A191,A201,2
37,A132,48,A34,A46,6110,A61,A73,1,A93,A101,3,A124,A14,A141,A153,1,A173,1,A192,A201,1
38,A132,18,A32,A43,2100,A61,A73,4,A93,A102,2,A121,A13,A142,A152,1,A173,1,A191,A201,2
39,A132,10,A32,A44,1225,A61,A73,2,A93,A101,2,A123,A13,A143,A152,1,A173,1,A192,A201,1
40,A131,9,A32,A43,458,A61,A73,4,A93,A101,3,A121,A12,A143,A152,1,A173,1,A191,A201,1
41,A132,30,A32,A43,2333,A63,A75,4,A93,A101,2,A123,A14,A141,A152,1,A174,1,A191,A201,1
42,A132,12,A32,A43,1158,A63,A73,3,A91,A101,1,A123,A12,A143,A152,1,A173,1,A192,A201,1
43,A132,18,A33,A45,6204,A61,A73,2,A93,A101,4,A121,A12,A143,A152,1,A172,2,A192,A201,1
44,A131,30,A34,A41,6187,A62,A74,1,A94,A101,4,A123,A11,A143,A151,2,A173,1,A191,A201,1
45,A132,48,A34,A41,6143,A61,A75,4,A92,A101,4,A124,A11,A142,A153,2,A172,1,A191,A201,2
46,A132,11,A34,A40,1393,A61,A72,4,A92,A101,4,A123,A14,A143,A152,2,A174,1,A191,A201,1
47,A132,36,A32,A43,2299,A63,A75,4,A93,A101,4,A123,A14,A143,A152,1,A173,1,A191,A201,1
48,A131,6,A32,A41,1352,A63,A71,1,A92,A101,2,A122,A11,A143,A151,1,A171,1,A192,A201,1
49,A132,11,A34,A40,7228,A61,A73,1,A93,A101,4,A122,A14,A143,A152,2,A172,1,A191,A201,1
50,A132,12,A32,A43,2073,A62,A73,4,A92,A102,2,A121,A14,A143,A152,1,A173,1,A191,A201,1
51,A132,24,A33,A42,2333,A65,A72,4,A93,A101,2,A122,A12,A141,A152,1,A172,1,A191,A201,1
52,A132,27,A33,A41,5965,A61,A75,1,A93,A101,2,A123,A12,A143,A152,2,A174,1,A192,A201,1
53,A131,12,A32,A43,1262,A61,A73,3,A93,A101,2,A123,A14,A143,A152,1,A173,1,A191,A201,1
54,A132,18,A32,A41,3378,A65,A73,2,A93,A101,1,A122,A14,A143,A152,1,A173,1,A192,A201,1
55,A132,36,A33,A40,2225,A61,A75,4,A93,A101,4,A124,A12,A141,A153,2,A173,1,A192,A201,2
56,A132,6,A31,A40,783,A65,A73,1,A93,A103,2,A121,A14,A142,A152,1,A172,2,A191,A201,1
57,A132,12,A32,A43,6468,A65,A71,2,A93,A101,1,A124,A12,A143,A152,1,A174,1,A192,A201,2
58,A132,36,A34,A43,9566,A61,A73,2,A92,A101,2,A123,A14,A142,A152,2,A173,1,A191,A201,1
59,A131,18,A32,A40,1961,A61,A75,3,A92,A101,2,A123,A13,A143,A152,1,A174,1,A191,A201,1
60,A131,36,A34,A42,6229,A61,A72,4,A92,A102,4,A124,A11,A143,A151,2,A172,1,A192,A201,2
61,A132,9,A32,A49,1391,A61,A73,2,A94,A101,1,A121,A12,A141,A152,1,A173,1,A192,A201,1
62,A132,15,A34,A43,1537,A65,A75,4,A93,A103,4,A121,A12,A143,A152,2,A173,1,A192,A201,1
63,A132,36,A30,A49,1953,A61,A75,4,A93,A101,4,A124,A12,A143,A153,1,A174,1,A192,A201,2
64,A131,48,A30,A49,14421,A61,A73,2,A93,A101,2,A123,A12,A143,A152,1,A173,1,A192,A201,2
65,A132,24,A32,A43,3181,A61,A72,4,A92,A101,4,A122,A14,A143,A152,1,A173,1,A192,A201,1
66,A132,27,A32,A45,5190,A65,A75,4,A93,A101,4,A122,A14,A143,A152,4,A173,2,A192,A201,1
67,A132,12,A32,A43,2171,A61,A72,2,A92,A101,2,A123,A14,A141,A152,1,A173,1,A191,A201,1
68,A131,12,A32,A40,1007,A64,A73,4,A94,A101,1,A121,A12,A143,A152,1,A173,1,A191,A201,1
69,A132,36,A32,A46,1819,A61,A73,4,A93,A101,4,A124,A14,A142,A153,1,A173,1,A192,A201,2
70,A131,36,A32,A43,2394,A65,A73,4,A92,A101,4,A123,A14,A143,A152,1,A173,1,A191,A201,1
71,A132,36,A32,A41,8133,A61,A73,1,A92,A101,2,A122,A14,A141,A152,1,A173,1,A191,A201,1
72,A132,7,A34,A43,730,A65,A75,4,A93,A101,2,A122,A14,A143,A151,2,A172,1,A192,A201,1
73,A132,8,A34,A410,1164,A61,A75,3,A93,A101,4,A124,A11,A141,A153,2,A174,2,A192,A201,1
74,A132,42,A34,A49,5954,A61,A74,2,A92,A101,1,A121,A12,A141,A152,2,A172,1,A191,A201,1
75,A132,36,A32,A46,1977,A65,A75,4,A93,A101,4,A124,A11,A143,A152,1,A174,1,A192,A201,2
76,A132,12,A34,A41,1526,A61,A75,4,A93,A101,4,A124,A11,A143,A153,2,A174,1,A191,A201,1
77,A132,42,A32,A43,3965,A61,A72,4,A93,A101,3,A123,A11,A143,A152,1,A173,1,A191,A201,2
78,A132,11,A33,A43,4771,A61,A74,2,A93,A101,4,A122,A12,A143,A152,1,A173,1,A191,A201,1
79,A132,54,A30,A41,9436,A65,A73,2,A93,A101,2,A122,A14,A143,A152,1,A172,2,A191,A201,1
80,A131,30,A32,A42,3832,A61,A72,2,A94,A101,1,A122,A12,A143,A152,1,A173,1,A191,A201,1
81,A132,24,A32,A43,5943,A65,A72,1,A92,A101,1,A123,A14,A143,A152,2,A173,1,A192,A201,2
82,A132,15,A32,A43,1213,A63,A75,4,A93,A101,3,A122,A14,A142,A152,1,A173,1,A192,A201,1
83,A131,18,A32,A49,1568,A62,A73,3,A92,A101,4,A122,A14,A143,A151,1,A172,1,A191,A201,1
84,A132,24,A32,A410,1755,A61,A75,4,A92,A103,4,A121,A11,A143,A152,1,A172,1,A192,A201,1
85,A132,10,A32,A43,2315,A61,A75,3,A93,A101,4,A121,A11,A143,A152,1,A172,1,A191,A201,1
86,A132,12,A34,A49,1412,A61,A73,4,A92,A103,2,A121,A14,A143,A152,2,A174,1,A192,A201,1
87,A132,18,A34,A42,1295,A61,A72,4,A92,A101,1,A122,A12,A143,A152,2,A173,1,A191,A201,1
88,A132,36,A32,A46,12612,A62,A73,1,A93,A101,4,A124,A12,A143,A153,1,A173,2,A192,A201,2
89,A132,18,A32,A40,2249,A62,A74,4,A93,A101,3,A123,A11,A143,A152,1,A174,2,A192,A201,1
90,A132,12,A30,A45,1108,A61,A74,4,A93,A101,3,A121,A11,A143,A152,2,A173,1,A191,A201,2
91,A132,12,A34,A43,618,A61,A75,4,A93,A101,4,A121,A14,A143,A152,1,A173,1,A191,A201,1
92,A132,12,A34,A41,1409,A61,A75,4,A93,A101,3,A121,A11,A143,A152,1,A173,1,A191,A201,1
93,A132,12,A34,A43,797,A65,A75,4,A92,A101,3,A122,A14,A141,A152,1,A172,2,A191,A201,2
94,A131,24,A34,A42,3617,A65,A75,4,A93,A102,4,A124,A13,A143,A151,2,A173,1,A191,A201,1
95,A132,12,A32,A40,1318,A64,A75,4,A93,A101,4,A121,A12,A143,A152,1,A173,1,A192,A201,1
96,A132,54,A30,A49,15945,A61,A72,3,A93,A101,4,A124,A12,A143,A151,1,A173,1,A192,A201,2
97,A132,12,A34,A46,2012,A65,A74,4,A92,A101,2,A123,A14,A143,A152,1,A173,1,A191,A201,1
98,A132,18,A32,A49,2622,A62,A73,4,A93,A101,4,A123,A12,A143,A152,1,A173,1,A191,A201,1
99,A132,36,A34,A43,2337,A61,A75,4,A93,A101,4,A121,A12,A143,A152,1,A173,1,A191,A201,1
100,A132,20,A33,A41,7057,A65,A74,3,A93,A101,4,A122,A12,A141,A151,2,A174,2,A192,A201,1
101,A132,24,A32,A40,1469,A62,A75,4,A94,A101,4,A121,A14,A143,A151,1,A172,1,A191,A201,1
102,A131,36,A32,A43,2323,A61,A74,4,A93,A101,4,A123,A12,A143,A151,1,A173,1,A191,A201,1
103,A131,6,A33,A43,932,A61,A73,3,A92,A101,2,A121,A14,A143,A152,1,A173,1,A191,A201,1
104,A132,9,A34,A42,1919,A61,A74,4,A93,A101,3,A123,A12,A143,A151,1,A173,1,A192,A201,1
105,A132,12,A32,A41,2445,A65,A72,2,A94,A101,4,A123,A14,A143,A151,1,A173,1,A192,A201,1
106,A132,24,A34,A410,11938,A61,A73,2,A93,A102,3,A123,A12,A143,A152,2,A174,2,A192,A201,2
107,A132,18,A31,A40,6458,A61,A75,2,A93,A101,4,A124,A14,A141,A152,2,A174,2,A192,A201,2
108,A132,12,A32,A40,6078,A61,A74,2,A93,A101,2,A123,A12,A143,A152,1,A173,1,A191,A201,1
109,A132,24,A32,A42,7721,A65,A72,1,A92,A101,2,A122,A11,A143,A152,1,A173,1,A192,A202,1
110,A132,14,A32,A49,1410,A63,A75,1,A94,A101,2,A121,A12,A143,A152,1,A173,1,A192,A201,1
111,A132,6,A33,A49,1449,A62,A75,1,A91,A101,2,A123,A12,A141,A152,2,A173,2,A191,A201,1
112,A131,15,A32,A46,392,A61,A72,4,A92,A101,4,A122,A13,A143,A151,1,A173,1,A192,A201,1
113,A132,18,A32,A40,6260,A61,A74,3,A93,A101,3,A121,A12,A143,A151,1,A172,1,A191,A201,1
114,A131,36,A34,A40,7855,A61,A73,4,A92,A101,2,A121,A14,A142,A152,2,A173,1,A192,A201,2
115,A132,12,A32,A43,1680,A63,A75,3,A94,A101,1,A121,A11,A143,A152,1,A173,1,A191,A201,1
116,A132,48,A34,A43,3578,A65,A75,4,A93,A101,1,A121,A14,A143,A152,1,A173,1,A192,A201,1
117,A132,42,A32,A43,7174,A65,A74,4,A92,A101,3,A123,A11,A143,A152,1,A174,1,A192,A201,2
118,A132,10,A34,A42,2132,A65,A72,2,A92,A102,3,A121,A11,A143,A151,2,A173,1,A191,A202,1
119,A131,33,A34,A42,4281,A63,A73,1,A92,A101,4,A123,A11,A143,A152,2,A173,1,A191,A201,2
120,A132,12,A34,A40,2366,A63,A74,3,A91,A101,3,A123,A12,A143,A152,1,A174,1,A192,A201,1
121,A131,21,A32,A43,1835,A61,A73,3,A92,A101,2,A121,A11,A143,A152,2,A173,1,A192,A201,2
122,A132,24,A34,A41,3868,A61,A75,4,A92,A101,2,A123,A14,A143,A151,2,A174,1,A192,A201,1
123,A131,12,A32,A42,1768,A61,A73,3,A93,A101,2,A121,A14,A143,A151,1,A172,1,A191,A201,1
124,A132,10,A34,A40,781,A61,A75,4,A93,A101,4,A124,A13,A143,A153,2,A173,1,A192,A201,1
125,A132,18,A32,A42,1924,A65,A72,4,A92,A101,3,A121,A12,A143,A151,1,A173,1,A191,A201,2
126,A132,12,A34,A40,2121,A61,A73,4,A93,A101,2,A122,A11,A143,A152,2,A173,1,A191,A201,1
127,A132,12,A32,A43,701,A61,A73,4,A94,A101,2,A121,A11,A143,A152,1,A172,1,A191,A201,1
128,A132,12,A32,A45,639,A61,A73,4,A93,A101,2,A123,A12,A143,A152,1,A173,1,A191,A201,2
129,A132,12,A34,A41,1860,A61,A71,4,A93,A101,2,A123,A12,A143,A152,2,A174,1,A192,A201,1
130,A132,12,A34,A40,3499,A61,A73,3,A92,A102,2,A121,A11,A143,A152,2,A173,1,A191,A201,2
131,A131,48,A32,A40,8487,A65,A74,1,A92,A101,2,A123,A12,A143,A152,1,A173,1,A191,A201,1
132,A132,36,A33,A46,6887,A61,A73,4,A93,A101,3,A122,A11,A142,A152,1,A173,1,A192,A201,2
133,A132,15,A32,A42,2708,A61,A72,2,A93,A101,3,A122,A14,A141,A152,2,A172,1,A191,A201,1
134,A132,18,A32,A42,1984,A61,A73,4,A93,A101,4,A124,A14,A141,A153,2,A173,1,A191,A201,1
135,A131,60,A32,A43,10144,A62,A74,2,A92,A101,4,A121,A14,A143,A152,1,A173,1,A192,A201,1
136,A132,12,A34,A43,1240,A65,A75,4,A92,A101,2,A121,A14,A143,A152,2,A173,1,A192,A201,1
137,A132,27,A33,A41,8613,A64,A73,2,A93,A101,2,A123,A14,A143,A152,2,A173,1,A191,A201,1
138,A132,12,A32,A43,766,A63,A73,4,A93,A101,3,A121,A12,A143,A152,1,A172,1,A191,A201,2
139,A132,15,A34,A43,2728,A65,A74,4,A93,A103,2,A121,A12,A141,A152,3,A173,1,A192,A201,1
140,A132,12,A32,A43,1881,A61,A73,2,A92,A101,2,A123,A13,A143,A151,1,A172,1,A192,A201,1
141,A132,6,A32,A40,709,A64,A72,2,A94,A101,2,A121,A13,A143,A152,1,A171,1,A191,A202,1
142,A132,36,A32,A43,4795,A61,A72,4,A92,A101,1,A124,A12,A143,A152,1,A174,1,A192,A201,1
143,A132,27,A32,A43,3416,A61,A73,3,A93,A101,2,A123,A11,A143,A152,1,A174,1,A191,A201,1
144,A131,18,A32,A42,2462,A61,A73,2,A93,A101,2,A123,A11,A143,A152,1,A173,1,A191,A201,2
145,A131,21,A34,A42,2288,A61,A72,4,A92,A101,4,A122,A14,A143,A152,1,A173,1,A192,A201,1
146,A132,48,A31,A49,3566,A62,A74,4,A93,A101,2,A123,A12,A143,A152,1,A173,1,A191,A201,1
147,A132,6,A34,A40,860,A61,A75,1,A92,A101,4,A124,A11,A143,A152,2,A173,1,A192,A201,1
148,A132,12,A34,A40,682,A62,A74,4,A92,A101,3,A123,A14,A143,A152,2,A173,1,A192,A201,1
149,A132,36,A34,A42,5371,A61,A73,3,A93,A103,2,A122,A11,A143,A152,2,A173,1,A191,A201,1
150,A132,18,A34,A43,1582,A64,A75,4,A93,A101,4,A123,A14,A143,A152,2,A173,1,A191,A201,1
151,A132,6,A32,A43,1346,A62,A75,2,A93,A101,4,A124,A14,A141,A153,1,A173,2,A192,A201,1
152,A132,10,A32,A43,1924,A61,A73,1,A93,A101,4,A122,A14,A143,A152,1,A173,1,A192,A202,1
153,A131,36,A32,A43,5848,A61,A73,4,A93,A101,1,A123,A13,A143,A152,1,A173,1,A191,A201,1
154,A132,24,A34,A41,7758,A64,A75,2,A92,A101,4,A124,A12,A143,A151,1,A173,1,A191,A201,1
155,A132,24,A33,A49,6967,A62,A74,4,A93,A101,4,A123,A12,A143,A151,1,A174,1,A192,A201,1
156,A131,12,A32,A42,1282,A61,A73,2,A92,A101,4,A123,A11,A143,A151,1,A173,1,A191,A201,2
157,A132,9,A34,A45,1288,A62,A75,3,A93,A103,4,A121,A11,A143,A152,2,A173,2,A191,A202,1
158,A132,12,A31,A48,339,A61,A75,4,A94,A101,1,A123,A11,A141,A152,1,A172,1,A191,A201,1
159,A132,24,A32,A40,3512,A62,A74,2,A93,A101,3,A123,A12,A141,A152,2,A173,1,A192,A201,1
160,A132,6,A34,A43,1898,A65,A73,1,A93,A101,2,A121,A14,A143,A152,2,A172,2,A191,A201,1
161,A132,24,A34,A43,2872,A62,A75,3,A93,A101,4,A121,A14,A143,A152,1,A173,2,A192,A201,1
162,A132,18,A34,A40,1055,A61,A72,4,A92,A101,1,A122,A14,A143,A152,2,A173,1,A191,A201,1
163,A132,15,A32,A44,1262,A63,A74,4,A93,A101,3,A122,A14,A143,A152,2,A173,1,A192,A201,1
164,A132,10,A32,A40,7308,A61,A71,2,A93,A101,4,A124,A12,A141,A153,1,A174,1,A192,A201,1
165,A132,36,A32,A40,909,A63,A75,4,A93,A101,4,A122,A14,A143,A152,1,A173,1,A191,A201,1
166,A132,6,A32,A42,2978,A63,A73,1,A93,A101,2,A123,A14,A143,A152,1,A173,1,A192,A201,1
167,A132,18,A32,A42,1131,A61,A71,4,A92,A101,2,A123,A11,A143,A152,1,A173,1,A191,A201,2
168,A131,11,A32,A42,1577,A64,A72,4,A92,A101,1,A121,A12,A143,A152,1,A173,1,A191,A201,1
169,A131,24,A32,A42,3972,A61,A74,2,A92,A101,4,A122,A14,A143,A151,1,A173,1,A192,A201,1
170,A132,24,A34,A49,1935,A61,A75,4,A91,A101,4,A121,A12,A143,A152,2,A173,1,A192,A201,2
171,A132,15,A30,A40,950,A61,A75,4,A93,A101,3,A123,A11,A143,A151,2,A173,2,A191,A201,2
172,A132,12,A32,A42,763,A61,A73,4,A92,A101,1,A121,A14,A143,A152,1,A173,1,A192,A201,1
173,A132,24,A33,A42,2064,A61,A71,3,A92,A101,2,A122,A12,A143,A152,1,A174,1,A192,A201,2
174,A132,8,A32,A43,1414,A61,A73,4,A93,A103,2,A121,A12,A143,A152,1,A173,1,A191,A202,1
175,A132,21,A33,A46,3414,A61,A72,2,A93,A101,1,A122,A11,A143,A152,2,A173,1,A191,A201,2
176,A132,30,A31,A41,7485,A65,A71,4,A92,A101,1,A121,A14,A141,A152,1,A174,1,A192,A201,2
177,A132,12,A32,A42,2577,A61,A73,2,A91,A101,1,A123,A11,A143,A152,1,A173,1,A191,A201,1
178,A132,6,A34,A43,338,A63,A75,4,A93,A101,4,A123,A11,A143,A152,2,A173,1,A191,A201,1
179,A132,12,A32,A43,1963,A61,A74,4,A93,A101,2,A123,A14,A143,A151,2,A174,2,A192,A201,1
180,A132,21,A34,A40,571,A61,A75,4,A93,A101,4,A121,A11,A143,A152,2,A173,1,A191,A201,1
181,A132,36,A33,A49,9572,A61,A72,1,A91,A101,1,A123,A14,A143,A152,2,A173,1,A191,A201,2
182,A132,36,A33,A49,4455,A61,A73,2,A91,A101,2,A121,A12,A142,A152,2,A174,1,A192,A201,2
183,A132,21,A31,A40,1647,A65,A73,4,A93,A101,2,A122,A11,A143,A152,2,A172,2,A191,A201,2
184,A132,24,A34,A42,3777,A64,A73,4,A93,A101,4,A121,A14,A143,A152,1,A173,1,A192,A201,1
185,A132,18,A34,A40,884,A61,A75,4,A93,A101,4,A123,A12,A141,A152,1,A173,2,A192,A201,2
186,A132,15,A34,A43,1360,A61,A73,4,A93,A101,2,A122,A14,A143,A152,2,A173,1,A191,A201,1
187,A132,9,A31,A41,5129,A61,A75,2,A92,A101,4,A124,A12,A141,A153,1,A174,2,A192,A201,2
188,A132,16,A34,A40,1175,A61,A71,2,A93,A101,3,A123,A12,A143,A153,3,A171,1,A192,A201,1
189,A131,12,A32,A43,674,A62,A74,4,A94,A101,1,A122,A11,A143,A152,1,A173,1,A191,A201,2
190,A132,18,A30,A42,3244,A61,A73,1,A92,A101,4,A123,A12,A141,A152,2,A173,1,A192,A201,1
191,A132,24,A32,A49,4591,A64,A73,2,A93,A101,3,A122,A14,A143,A152,3,A174,1,A192,A201,2
192,A132,48,A30,A49,3844,A62,A74,4,A93,A101,4,A124,A12,A143,A153,1,A172,2,A191,A201,2
193,A132,27,A32,A49,3915,A61,A73,4,A93,A101,2,A123,A12,A143,A152,1,A173,2,A192,A201,2
194,A132,6,A32,A43,2108,A61,A74,2,A94,A101,2,A121,A14,A143,A151,1,A173,1,A191,A201,1
195,A131,45,A32,A43,3031,A62,A73,4,A93,A103,4,A122,A12,A143,A151,1,A173,1,A191,A201,2
196,A132,9,A34,A46,1501,A61,A75,2,A92,A101,3,A123,A12,A143,A152,2,A174,1,A192,A201,2
197,A132,6,A34,A43,1382,A61,A73,1,A92,A101,1,A123,A14,A143,A152,2,A173,1,A192,A201,1
198,A132,12,A32,A42,951,A62,A72,4,A92,A101,4,A123,A12,A141,A151,4,A173,1,A191,A201,2
199,A132,24,A32,A41,2760,A65,A75,4,A93,A101,4,A124,A12,A141,A153,1,A173,1,A192,A201,1
200,A132,18,A33,A42,4297,A61,A75,4,A91,A101,3,A124,A12,A143,A152,1,A174,1,A192,A201,2
201,A132,9,A34,A46,936,A63,A75,4,A93,A101,2,A123,A14,A143,A152,2,A173,1,A192,A201,1
202,A132,12,A32,A40,1168,A61,A73,4,A94,A101,3,A121,A11,A143,A152,1,A172,1,A191,A201,1
203,A132,27,A33,A49,5117,A61,A74,3,A93,A101,4,A123,A14,A143,A152,2,A173,1,A191,A201,1
204,A131,12,A32,A48,902,A61,A74,4,A94,A101,4,A122,A11,A143,A151,1,A173,1,A191,A201,2
205,A132,12,A34,A40,1495,A61,A75,4,A93,A101,1,A121,A14,A143,A152,2,A172,2,A191,A201,1
206,A132,30,A34,A41,10623,A61,A75,3,A93,A101,4,A124,A11,A143,A153,3,A174,2,A192,A201,1
207,A132,12,A34,A42,1935,A61,A75,4,A93,A101,4,A121,A14,A143,A152,3,A173,1,A192,A201,1
208,A132,12,A34,A44,1424,A61,A74,4,A93,A101,3,A122,A12,A143,A152,1,A173,1,A191,A201,1
209,A131,24,A32,A49,6568,A61,A73,2,A94,A101,2,A123,A11,A142,A152,1,A172,1,A191,A201,1
210,A132,12,A32,A41,1413,A64,A74,3,A93,A101,2,A122,A14,A143,A152,1,A173,1,A191,A202,1
211,A132,9,A34,A43,3074,A65,A73,1,A93,A101,2,A121,A14,A143,A152,2,A173,2,A191,A201,1
212,A132,36,A32,A43,3835,A65,A75,2,A92,A101,4,A121,A14,A143,A152,1,A172,1,A192,A201,1
213,A132,27,A30,A49,5293,A61,A71,2,A93,A101,4,A122,A11,A142,A152,2,A173,1,A192,A201,2
214,A132,30,A33,A49,1908,A61,A75,4,A93,A101,4,A121,A13,A143,A152,1,A174,1,A192,A201,2
215,A132,36,A34,A43,3342,A65,A75,4,A93,A101,2,A123,A14,A143,A152,1,A173,1,A192,A201,1
216,A132,6,A34,A48,932,A65,A74,1,A92,A101,3,A122,A12,A143,A152,2,A172,1,A191,A201,1
217,A132,18,A30,A49,3104,A61,A74,3,A93,A101,1,A122,A11,A141,A152,1,A173,1,A192,A201,1
218,A131,36,A32,A43,3913,A61,A73,2,A93,A101,2,A121,A13,A143,A152,1,A173,1,A192,A201,1
219,A131,24,A32,A42,3021,A61,A73,2,A91,A101,2,A121,A11,A143,A151,1,A172,1,A191,A201,1
220,A132,10,A32,A40,1364,A61,A73,2,A92,A101,4,A123,A14,A143,A152,1,A173,1,A192,A201,1
221,A132,12,A32,A43,625,A61,A72,4,A94,A103,1,A121,A12,A141,A152,1,A172,1,A191,A201,1
222,A131,12,A32,A46,1200,A65,A73,4,A92,A101,4,A122,A11,A141,A151,1,A173,1,A192,A201,1
223,A132,12,A32,A43,707,A61,A73,4,A93,A101,2,A121,A14,A141,A152,2,A173,1,A191,A201,1
224,A132,24,A33,A49,2978,A65,A73,4,A93,A101,4,A121,A14,A143,A152,2,A173,2,A192,A201,1
225,A132,15,A32,A41,4657,A61,A73,3,A93,A101,2,A123,A14,A143,A152,1,A173,1,A192,A201,1
226,A132,36,A30,A45,2613,A61,A73,4,A93,A101,2,A123,A14,A143,A152,2,A173,1,A191,A201,1
227,A132,48,A32,A43,10961,A64,A74,1,A93,A102,2,A124,A12,A141,A152,2,A173,1,A192,A201,2
228,A132,12,A32,A42,7865,A61,A75,4,A93,A101,4,A124,A11,A143,A153,1,A174,1,A192,A201,2
229,A131,9,A32,A43,1478,A61,A74,4,A93,A101,2,A123,A14,A143,A152,1,A173,1,A191,A201,2
230,A131,24,A32,A42,3149,A61,A72,4,A93,A101,1,A124,A11,A141,A153,1,A173,1,A191,A201,1
231,A132,36,A32,A43,4210,A61,A73,4,A93,A101,2,A123,A13,A143,A152,1,A173,1,A191,A201,2
232,A132,9,A32,A40,2507,A63,A75,2,A93,A101,4,A124,A14,A143,A153,1,A172,1,A191,A201,1
233,A132,12,A32,A43,2141,A62,A74,3,A93,A101,1,A124,A14,A143,A152,1,A173,1,A191,A201,1
234,A131,18,A32,A43,866,A61,A73,4,A94,A103,2,A121,A12,A143,A152,1,A172,1,A191,A201,1
235,A132,4,A34,A43,1544,A61,A74,2,A93,A101,1,A121,A14,A143,A152,3,A172,2,A191,A201,1
236,A132,24,A32,A43,1823,A61,A71,4,A93,A101,2,A123,A11,A142,A152,1,A174,2,A191,A201,2
237,A131,6,A32,A40,14555,A65,A71,1,A93,A101,2,A122,A12,A143,A152,1,A171,1,A192,A201,2
238,A132,21,A32,A49,2767,A62,A75,4,A91,A101,2,A123,A12,A141,A151,2,A172,1,A191,A201,2
239,A132,12,A34,A43,1291,A61,A73,4,A92,A101,2,A122,A14,A143,A152,2,A173,1,A191,A201,1
240,A132,30,A32,A43,2522,A61,A75,1,A93,A103,3,A122,A11,A143,A152,1,A173,2,A191,A201,1
241,A132,24,A32,A40,915,A65,A75,4,A92,A101,2,A123,A11,A141,A152,1,A173,1,A191,A201,2
242,A132,6,A32,A43,1595,A61,A74,3,A93,A101,2,A122,A14,A143,A152,1,A173,2,A191,A201,1
243,A131,48,A30,A41,4605,A61,A75,3,A93,A101,4,A124,A11,A143,A153,2,A173,2,A191,A201,2
244,A132,12,A34,A49,1185,A61,A73,3,A92,A101,2,A121,A14,A143,A152,2,A173,1,A191,A201,1
245,A132,12,A31,A48,3447,A63,A73,4,A92,A101,3,A121,A14,A143,A152,1,A172,2,A191,A201,1
246,A131,24,A32,A49,1258,A61,A74,4,A93,A101,1,A121,A14,A143,A152,1,A173,1,A192,A201,1
247,A132,12,A34,A43,717,A61,A75,4,A93,A101,4,A121,A14,A143,A152,3,A173,1,A191,A201,1
248,A132,6,A30,A40,1204,A62,A73,4,A93,A101,1,A124,A14,A141,A151,1,A173,1,A191,A202,1
249,A132,24,A32,A42,1925,A61,A73,2,A93,A101,2,A121,A13,A143,A152,1,A173,1,A191,A201,1
250,A131,18,A32,A43,433,A61,A71,3,A92,A102,4,A121,A14,A143,A151,1,A173,1,A191,A201,2
251,A132,6,A34,A40,666,A64,A74,3,A92,A101,4,A121,A11,A143,A152,2,A172,1,A192,A201,1
252,A132,12,A32,A42,2251,A61,A73,1,A92,A101,2,A123,A13,A143,A152,1,A172,1,A191,A201,1
253,A131,30,A32,A40,2150,A61,A73,4,A92,A103,2,A124,A12,A141,A152,1,A173,1,A191,A201,2
254,A132,24,A33,A42,4151,A62,A73,2,A93,A101,3,A122,A14,A143,A152,2,A173,1,A191,A201,1
255,A131,9,A32,A42,2030,A65,A74,2,A93,A101,1,A123,A12,A143,A152,1,A173,1,A192,A201,1
256,A132,60,A33,A43,7418,A65,A73,1,A93,A101,1,A121,A12,A143,A152,1,A172,1,A191,A201,1
257,A132,24,A34,A43,2684,A61,A73,4,A93,A101,2,A121,A14,A143,A152,2,A172,1,A191,A201,1
258,A132,12,A31,A43,2149,A61,A73,4,A91,A101,1,A124,A11,A143,A153,1,A173,1,A191,A201,2
259,A131,15,A32,A41,3812,A62,A72,1,A92,A101,4,A123,A14,A143,A152,1,A173,1,A192,A201,1
260,A132,11,A34,A43,1154,A62,A71,4,A92,A101,4,A121,A14,A143,A152,3,A172,1,A191,A201,1
261,A132,12,A32,A42,1657,A61,A73,2,A93,A101,2,A121,A11,A143,A152,1,A173,1,A191,A201,1
262,A132,24,A32,A43,1603,A61,A75,4,A92,A101,4,A123,A11,A143,A152,1,A173,1,A191,A201,1
263,A132,18,A34,A40,5302,A61,A75,2,A93,A101,4,A124,A11,A143,A153,3,A174,1,A192,A201,1
264,A132,12,A34,A46,2748,A61,A75,2,A92,A101,4,A124,A14,A141,A153,3,A172,1,A191,A201,1
265,A132,10,A34,A40,1231,A61,A75,3,A93,A101,4,A121,A14,A143,A152,2,A172,2,A191,A202,1
266,A132,15,A32,A43,802,A61,A75,4,A93,A101,3,A123,A12,A143,A152,1,A173,2,A191,A201,2
267,A132,36,A34,A49,6304,A65,A75,4,A93,A101,4,A121,A14,A143,A152,2,A173,1,A191,A201,1
268,A132,24,A32,A43,1533,A61,A72,4,A92,A101,3,A123,A14,A142,A152,1,A173,1,A192,A201,1
269,A132,14,A32,A40,8978,A61,A75,1,A91,A101,4,A122,A11,A143,A152,1,A174,1,A192,A202,2
270,A131,24,A32,A43,999,A65,A75,4,A93,A101,2,A123,A14,A143,A152,2,A173,1,A191,A201,1
271,A132,18,A32,A40,2662,A65,A74,4,A93,A101,3,A122,A14,A143,A152,1,A173,1,A191,A202,1
272,A132,12,A34,A42,1402,A63,A74,3,A92,A101,4,A123,A14,A143,A151,1,A173,1,A192,A201,1
273,A132,48,A31,A40,12169,A65,A71,4,A93,A102,4,A124,A12,A143,A153,1,A174,1,A192,A201,1
274,A132,48,A32,A43,3060,A61,A74,4,A93,A101,4,A121,A12,A143,A152,2,A173,1,A191,A201,2
275,A132,30,A32,A45,11998,A61,A72,1,A91,A101,1,A124,A11,A143,A152,1,A172,1,A192,A201,2
276,A132,9,A32,A43,2697,A61,A73,1,A93,A101,2,A121,A14,A143,A152,1,A173,2,A191,A201,1
277,A132,18,A34,A43,2404,A61,A73,2,A92,A101,2,A123,A14,A143,A152,2,A173,1,A191,A201,1
278,A132,12,A32,A42,1262,A65,A75,2,A91,A101,4,A122,A11,A143,A152,1,A172,1,A192,A201,1
279,A132,6,A32,A42,4611,A61,A72,1,A92,A101,4,A122,A14,A143,A152,1,A173,1,A191,A201,2
280,A132,24,A32,A43,1901,A62,A73,4,A93,A101,4,A123,A14,A143,A151,1,A174,1,A192,A201,1
281,A131,15,A34,A41,3368,A64,A75,3,A93,A101,4,A124,A14,A143,A151,2,A173,1,A192,A201,1
282,A132,12,A32,A42,1574,A61,A73,4,A93,A101,2,A121,A14,A143,A152,1,A173,1,A191,A201,1
283,A132,18,A31,A43,1445,A65,A74,4,A93,A101,4,A123,A13,A141,A152,1,A172,1,A191,A201,1
284,A132,15,A34,A42,1520,A65,A75,4,A93,A101,4,A122,A14,A143,A152,1,A173,1,A191,A201,1
285,A132,24,A34,A40,3878,A62,A72,4,A91,A101,2,A123,A12,A143,A152,1,A173,1,A192,A201,1
286,A132,47,A32,A40,10722,A61,A72,1,A92,A101,1,A121,A11,A143,A152,1,A172,1,A192,A201,1
287,A132,48,A32,A41,4788,A61,A74,4,A93,A101,3,A122,A11,A143,A152,1,A173,2,A191,A201,1
288,A132,48,A33,A410,7582,A62,A71,2,A93,A101,4,A124,A12,A143,A153,1,A174,1,A192,A201,1
289,A132,12,A32,A43,1092,A61,A73,4,A92,A103,4,A121,A12,A143,A152,2,A173,1,A192,A201,1
290,A132,24,A33,A43,1024,A61,A72,4,A94,A101,4,A121,A11,A142,A152,1,A173,1,A191,A201,2
291,A132,12,A32,A49,1076,A61,A73,2,A94,A101,2,A121,A14,A143,A152,1,A173,1,A192,A202,1
292,A132,36,A32,A41,9398,A61,A72,1,A94,A101,4,A123,A12,A143,A151,1,A174,1,A192,A201,2
293,A132,24,A34,A41,6419,A61,A75,2,A92,A101,4,A124,A11,A143,A153,2,A174,2,A192,A201,1
294,A132,42,A34,A41,4796,A61,A75,4,A93,A101,4,A124,A13,A143,A153,1,A173,1,A191,A201,1
295,A132,48,A34,A49,7629,A65,A75,4,A91,A101,2,A123,A14,A141,A152,2,A174,2,A191,A201,1
296,A132,48,A32,A42,9960,A61,A72,1,A92,A101,2,A123,A12,A143,A152,1,A173,1,A192,A201,2
297,A131,12,A32,A41,4675,A65,A72,1,A92,A101,4,A123,A14,A143,A151,1,A173,1,A191,A201,1
298,A132,10,A32,A40,1287,A65,A75,4,A93,A102,2,A122,A14,A143,A152,1,A172,1,A191,A202,1
299,A132,18,A32,A42,2515,A61,A73,3,A93,A101,4,A121,A14,A143,A152,1,A173,1,A192,A201,1
300,A132,21,A34,A42,2745,A64,A74,3,A93,A101,2,A123,A12,A143,A152,2,A173,1,A192,A201,1
301,A132,6,A32,A40,672,A61,A71,1,A92,A101,4,A121,A14,A143,A152,1,A171,1,A192,A201,1
302,A132,36,A30,A43,3804,A61,A73,4,A92,A101,1,A123,A12,A143,A152,1,A173,1,A192,A201,2
303,A132,24,A34,A40,1344,A65,A74,4,A93,A101,2,A121,A13,A141,A152,2,A172,2,A191,A201,2
304,A132,10,A34,A40,1038,A61,A74,4,A93,A102,3,A122,A11,A143,A152,2,A173,1,A192,A201,1
305,A132,48,A34,A40,10127,A63,A73,2,A93,A101,2,A124,A14,A141,A153,1,A173,1,A191,A201,2
306,A132,6,A32,A42,1543,A64,A73,4,A91,A101,2,A121,A14,A143,A152,1,A173,1,A191,A201,1
307,A131,30,A32,A41,4811,A65,A74,2,A92,A101,4,A122,A14,A142,A151,1,A172,1,A191,A201,1
308,A132,12,A32,A43,727,A62,A72,4,A94,A101,3,A124,A11,A143,A152,1,A172,1,A192,A201,2
309,A131,8,A32,A42,1237,A61,A73,3,A92,A101,4,A121,A12,A143,A152,1,A173,1,A191,A201,2
310,A131,9,A32,A40,276,A61,A73,4,A94,A101,4,A121,A12,A143,A151,1,A172,1,A191,A201,1
311,A132,48,A32,A410,5381,A65,A71,3,A93,A101,4,A124,A12,A141,A153,1,A171,1,A192,A201,1
312,A131,24,A32,A42,5511,A62,A73,4,A93,A101,1,A123,A14,A142,A152,1,A173,1,A191,A201,1
313,A132,24,A32,A42,3749,A61,A72,2,A92,A101,4,A123,A13,A143,A152,1,A173,1,A191,A201,1
314,A131,12,A32,A40,685,A61,A74,2,A94,A101,3,A123,A12,A141,A152,1,A172,1,A191,A201,2
315,A132,4,A32,A40,1494,A65,A72,1,A93,A101,2,A121,A13,A143,A152,1,A172,2,A191,A202,1
316,A132,36,A31,A42,2746,A61,A75,4,A93,A101,4,A123,A11,A141,A152,1,A173,1,A191,A201,2
317,A132,12,A32,A42,708,A61,A73,2,A93,A103,3,A122,A11,A143,A152,1,A172,2,A191,A201,1
318,A132,24,A32,A42,4351,A65,A73,1,A92,A101,4,A122,A12,A143,A152,1,A172,1,A192,A201,1
319,A132,12,A34,A46,701,A61,A73,4,A93,A101,2,A123,A14,A143,A152,2,A173,1,A191,A201,1
320,A132,15,A33,A42,3643,A61,A75,1,A92,A101,4,A122,A11,A143,A152,2,A172,1,A191,A201,1
321,A132,30,A34,A40,4249,A61,A71,4,A94,A101,2,A123,A12,A143,A152,2,A174,1,A191,A201,2
322,A132,24,A32,A43,1938,A61,A72,4,A91,A101,3,A122,A11,A143,A152,1,A173,1,A191,A201,2
323,A132,24,A32,A41,2910,A61,A74,2,A93,A101,1,A124,A11,A143,A153,1,A174,1,A192,A201,1
324,A132,18,A32,A42,2659,A64,A73,4,A93,A101,2,A123,A11,A143,A152,1,A173,1,A191,A201,1
325,A132,18,A34,A40,1028,A61,A73,4,A92,A101,3,A121,A14,A143,A152,2,A173,1,A191,A201,1
326,A132,8,A34,A40,3398,A61,A74,1,A93,A101,4,A121,A11,A143,A152,2,A172,1,A191,A202,1
327,A132,12,A34,A42,5801,A65,A75,2,A93,A101,4,A122,A14,A143,A151,1,A173,1,A192,A201,1
328,A132,24,A32,A40,1525,A64,A74,4,A92,A101,3,A123,A14,A143,A152,1,A173,2,A192,A201,1
329,A132,36,A32,A43,4473,A61,A75,4,A93,A101,2,A123,A13,A143,A152,1,A173,1,A191,A201,1
330,A132,6,A32,A43,1068,A61,A75,4,A93,A101,4,A123,A12,A143,A152,1,A173,2,A191,A201,1
331,A132,24,A34,A41,6615,A61,A71,2,A93,A101,4,A124,A11,A143,A153,2,A174,1,A192,A201,1
332,A132,18,A34,A46,1864,A62,A73,4,A92,A101,2,A121,A14,A143,A152,2,A173,1,A191,A201,2
333,A131,60,A32,A40,7408,A62,A72,4,A92,A101,2,A122,A12,A143,A152,1,A174,1,A191,A201,2
334,A131,48,A34,A41,11590,A62,A73,2,A92,A101,4,A123,A14,A141,A151,2,A172,1,A191,A201,2
335,A131,24,A30,A42,4110,A61,A75,3,A93,A101,4,A124,A11,A141,A151,2,A173,2,A191,A201,2
336,A132,6,A34,A42,3384,A61,A73,1,A91,A101,4,A121,A11,A143,A151,1,A174,1,A192,A201,2
337,A131,13,A32,A43,2101,A61,A72,2,A92,A103,4,A122,A12,A143,A152,1,A172,1,A191,A201,1
338,A131,15,A32,A44,1275,A65,A73,4,A92,A101,2,A123,A11,A143,A151,1,A173,1,A191,A201,2
339,A132,24,A32,A42,4169,A61,A73,4,A93,A101,4,A122,A11,A143,A152,1,A173,1,A191,A201,1
340,A132,10,A32,A42,1521,A61,A73,4,A91,A101,2,A123,A12,A143,A152,1,A172,1,A191,A201,1
341,A131,24,A34,A46,5743,A61,A72,2,A92,A101,4,A124,A12,A143,A153,2,A173,1,A192,A201,1
342,A132,21,A32,A42,3599,A61,A74,1,A92,A101,4,A123,A11,A143,A151,1,A172,1,A191,A201,1
343,A131,18,A32,A43,3213,A63,A72,1,A94,A101,3,A121,A12,A143,A151,1,A173,1,A191,A201,1
344,A132,18,A32,A49,4439,A61,A75,1,A93,A102,1,A121,A12,A141,A152,1,A174,1,A192,A201,1
345,A132,10,A32,A40,3949,A61,A72,1,A93,A103,1,A122,A13,A143,A152,1,A172,2,A191,A201,1
346,A132,15,A34,A43,1459,A61,A73,4,A92,A101,2,A123,A14,A143,A152,1,A172,1,A191,A201,1
347,A131,13,A34,A43,882,A61,A72,4,A93,A103,4,A121,A12,A143,A152,2,A173,1,A191,A201,1
348,A131,24,A32,A43,3758,A63,A71,1,A92,A101,4,A124,A12,A143,A151,1,A171,1,A191,A201,1
349,A132,6,A33,A49,1743,A62,A73,1,A93,A101,2,A121,A14,A143,A152,2,A172,1,A191,A201,1
350,A132,9,A34,A46,1136,A64,A75,4,A93,A101,3,A124,A12,A143,A153,2,A173,2,A191,A201,2
351,A131,9,A32,A44,1236,A61,A72,1,A92,A101,4,A121,A14,A143,A151,1,A173,1,A192,A201,1
352,A132,9,A32,A42,959,A61,A73,1,A92,A101,2,A123,A12,A143,A152,1,A173,1,A191,A202,2
353,A132,18,A34,A41,3229,A65,A71,2,A93,A101,4,A124,A14,A143,A152,1,A174,1,A192,A201,1
354,A132,12,A30,A43,6199,A61,A73,4,A93,A101,2,A122,A11,A143,A151,2,A173,1,A192,A201,2
355,A132,10,A32,A46,727,A63,A75,4,A93,A101,4,A124,A14,A143,A153,1,A173,1,A192,A201,1
356,A131,24,A32,A40,1246,A61,A72,4,A93,A101,2,A121,A12,A142,A152,1,A172,1,A191,A201,2
357,A132,12,A34,A43,2331,A65,A75,1,A93,A102,4,A121,A14,A143,A152,1,A173,1,A192,A201,1
358,A132,36,A33,A43,4463,A61,A73,4,A93,A101,2,A123,A14,A143,A152,2,A174,1,A192,A201,2
359,A132,12,A32,A43,776,A61,A73,4,A94,A101,2,A121,A14,A143,A152,1,A173,1,A191,A201,1
360,A131,30,A32,A42,2406,A61,A74,4,A92,A101,4,A121,A11,A143,A151,1,A173,1,A191,A201,2
361,A132,18,A32,A46,1239,A65,A73,4,A93,A101,4,A124,A12,A143,A153,1,A173,1,A191,A201,1
362,A132,12,A32,A43,3399,A65,A75,2,A93,A101,3,A123,A13,A143,A152,1,A174,1,A191,A201,1
363,A132,12,A33,A40,2247,A61,A73,2,A92,A101,2,A123,A13,A142,A152,2,A173,1,A192,A201,1
364,A131,6,A32,A42,1766,A61,A73,1,A94,A101,2,A122,A14,A143,A151,1,A173,1,A191,A201,1
365,A131,18,A32,A42,2473,A61,A71,4,A93,A101,1,A123,A11,A143,A152,1,A171,1,A191,A201,2
366,A132,12,A32,A49,1542,A61,A74,2,A93,A101,4,A123,A14,A143,A152,1,A173,1,A192,A201,1
367,A132,18,A34,A41,3850,A61,A74,3,A93,A101,1,A123,A14,A143,A152,2,A173,1,A191,A201,1
368,A131,18,A32,A42,3650,A61,A72,1,A92,A101,4,A123,A11,A143,A151,1,A173,1,A191,A201,1
369,A132,36,A32,A42,3446,A61,A75,4,A93,A101,2,A123,A11,A143,A152,1,A173,2,A191,A201,2
370,A132,18,A32,A42,3001,A61,A74,2,A92,A101,4,A121,A12,A143,A151,1,A173,1,A191,A201,1
371,A132,36,A32,A40,3079,A65,A73,4,A93,A101,4,A121,A14,A143,A152,1,A173,1,A191,A201,1
372,A132,18,A34,A43,6070,A61,A75,3,A93,A101,4,A123,A14,A143,A152,2,A173,1,A192,A201,1
373,A131,10,A34,A42,2146,A61,A72,1,A92,A101,3,A121,A14,A143,A151,2,A173,1,A191,A201,1
374,A132,60,A34,A40,13756,A65,A75,2,A93,A101,4,A124,A14,A141,A153,1,A174,1,A192,A201,1
375,A132,60,A31,A410,14782,A62,A75,3,A92,A101,4,A124,A12,A141,A153,2,A174,1,A192,A201,2
376,A132,48,A31,A49,7685,A61,A74,2,A92,A103,4,A123,A11,A143,A151,1,A173,1,A191,A201,2
377,A132,18,A33,A43,2320,A61,A71,2,A94,A101,3,A121,A14,A143,A152,2,A173,1,A191,A201,1
378,A132,7,A33,A43,846,A65,A75,3,A93,A101,4,A124,A14,A143,A153,1,A173,1,A191,A201,1
379,A132,36,A32,A40,14318,A61,A75,4,A93,A101,2,A124,A12,A143,A153,1,A174,1,A192,A201,2
380,A132,6,A34,A40,362,A62,A73,4,A92,A101,4,A123,A14,A143,A152,2,A172,1,A191,A201,1
381,A132,20,A32,A42,2212,A65,A74,4,A93,A101,4,A123,A11,A143,A152,1,A173,1,A192,A201,1
382,A132,18,A32,A41,12976,A61,A71,3,A92,A101,4,A124,A12,A143,A153,1,A174,1,A192,A201,2
383,A131,22,A32,A40,1283,A65,A74,4,A92,A101,4,A122,A14,A143,A151,1,A173,1,A191,A201,1
384,A132,12,A32,A40,1330,A61,A72,4,A93,A101,1,A121,A13,A143,A152,1,A173,1,A191,A201,1
385,A132,30,A33,A49,4272,A62,A73,2,A93,A101,2,A122,A14,A143,A152,2,A172,1,A191,A201,1
386,A131,18,A34,A43,2238,A61,A73,2,A92,A101,1,A123,A14,A143,A152,2,A173,1,A191,A201,1
387,A131,18,A32,A43,1126,A65,A72,4,A92,A101,2,A121,A14,A143,A151,1,A173,1,A192,A201,1
388,A132,18,A34,A42,7374,A61,A71,4,A93,A101,4,A122,A12,A142,A152,2,A174,1,A192,A201,1
389,A132,15,A34,A49,2326,A63,A73,2,A93,A101,4,A123,A12,A141,A152,1,A173,1,A191,A201,1
390,A132,9,A32,A49,1449,A61,A74,3,A92,A101,2,A123,A14,A143,A152,2,A173,1,A191,A201,1
391,A132,18,A32,A40,1820,A61,A73,2,A94,A101,2,A122,A14,A143,A152,1,A174,1,A192,A201,1
392,A131,12,A32,A42,983,A64,A72,1,A92,A101,4,A121,A12,A143,A151,1,A172,1,A191,A201,1
393,A132,36,A32,A40,3249,A61,A74,2,A93,A101,4,A124,A11,A141,A153,1,A174,2,A192,A201,1
394,A132,6,A34,A43,1957,A61,A74,1,A92,A101,4,A123,A11,A143,A152,1,A173,1,A191,A201,1
395,A132,9,A34,A42,2406,A61,A71,2,A93,A101,3,A123,A14,A143,A152,1,A174,1,A191,A201,1
396,A132,39,A33,A46,11760,A62,A74,2,A93,A101,3,A124,A12,A143,A151,1,A173,1,A192,A201,1
397,A132,12,A32,A42,2578,A61,A71,3,A92,A101,4,A124,A11,A143,A153,1,A174,1,A191,A201,1
398,A132,36,A34,A42,2348,A61,A73,3,A94,A101,2,A122,A11,A143,A152,2,A173,1,A192,A201,1
399,A132,12,A32,A40,1223,A61,A75,1,A91,A101,1,A121,A12,A143,A151,2,A173,1,A191,A201,2
400,A132,24,A34,A43,1516,A64,A73,4,A92,A101,1,A121,A14,A143,A152,2,A172,1,A191,A201,1
401,A132,18,A32,A43,1473,A61,A72,3,A94,A101,4,A121,A14,A143,A152,1,A173,1,A192,A201,1
402,A132,18,A34,A49,1887,A65,A73,4,A94,A101,4,A121,A12,A141,A152,2,A173,1,A191,A201,1
403,A132,24,A33,A49,8648,A61,A72,2,A93,A101,2,A123,A14,A141,A152,2,A173,1,A192,A201,2
404,A132,14,A33,A40,802,A61,A73,4,A93,A101,2,A123,A14,A143,A152,2,A172,1,A191,A201,1
405,A132,18,A33,A40,2899,A65,A75,4,A93,A101,4,A123,A12,A143,A152,1,A173,2,A191,A201,1
406,A131,24,A32,A43,2039,A61,A72,1,A94,A101,1,A122,A12,A143,A152,1,A173,1,A192,A201,2
407,A132,24,A34,A41,2197,A65,A74,4,A93,A101,4,A123,A14,A143,A152,2,A173,2,A192,A201,1
408,A132,15,A32,A43,1053,A61,A72,4,A94,A101,2,A121,A11,A143,A152,1,A173,1,A191,A202,1
409,A132,24,A32,A43,3235,A63,A75,3,A91,A101,2,A123,A14,A143,A152,1,A174,1,A192,A201,1
410,A132,12,A34,A40,939,A63,A74,4,A94,A101,2,A121,A13,A143,A152,3,A173,1,A192,A201,2
411,A131,24,A32,A43,1967,A61,A75,4,A92,A101,4,A123,A12,A143,A152,1,A173,1,A192,A201,1
412,A132,33,A34,A41,7253,A61,A74,3,A93,A101,2,A123,A14,A143,A152,2,A174,1,A192,A201,1
413,A132,12,A34,A49,2292,A61,A71,4,A93,A101,2,A123,A14,A142,A152,2,A174,1,A192,A201,2
414,A132,10,A32,A40,1597,A63,A73,3,A93,A101,2,A124,A14,A143,A151,1,A172,2,A191,A202,1
415,A132,24,A32,A40,1381,A65,A73,4,A92,A101,2,A122,A11,A143,A152,1,A173,1,A191,A201,2
416,A132,36,A34,A41,5842,A61,A75,2,A93,A101,2,A122,A14,A143,A152,2,A173,2,A192,A201,1
417,A132,12,A32,A40,2579,A61,A72,4,A93,A101,1,A121,A11,A143,A152,1,A172,2,A191,A201,2
418,A131,18,A33,A46,8471,A65,A73,1,A92,A101,2,A123,A11,A143,A151,2,A173,1,A192,A201,1
419,A132,21,A32,A40,2782,A63,A74,1,A92,A101,2,A123,A14,A141,A152,1,A174,1,A191,A201,1
420,A132,18,A32,A40,1042,A65,A73,4,A92,A101,2,A122,A12,A143,A152,1,A173,1,A191,A201,2
421,A131,15,A32,A40,3186,A64,A74,2,A92,A101,3,A123,A14,A143,A151,1,A173,1,A191,A201,1
422,A132,12,A32,A41,2028,A65,A73,4,A93,A101,2,A123,A12,A143,A152,1,A173,1,A191,A201,1
423,A132,12,A34,A40,958,A61,A74,2,A93,A101,3,A121,A12,A143,A152,2,A172,2,A191,A201,1
424,A132,21,A33,A42,1591,A62,A74,4,A93,A101,3,A121,A14,A143,A152,2,A174,1,A191,A201,1
425,A131,12,A32,A42,2762,A65,A75,1,A92,A101,2,A122,A12,A141,A152,1,A173,1,A192,A201,2
426,A131,18,A32,A41,2779,A61,A73,1,A94,A101,3,A123,A12,A143,A151,1,A173,1,A192,A201,1
427,A132,28,A34,A43,2743,A61,A75,4,A93,A101,2,A123,A14,A143,A152,2,A173,1,A191,A201,1
428,A132,18,A34,A43,1149,A64,A73,4,A93,A101,3,A121,A14,A143,A152,2,A173,1,A191,A201,1
429,A131,9,A32,A42,1313,A61,A75,1,A93,A101,4,A123,A14,A143,A152,1,A173,1,A191,A201,1
430,A132,18,A34,A45,1190,A61,A71,2,A92,A101,4,A124,A11,A143,A153,3,A171,2,A191,A201,2
431,A132,5,A32,A49,3448,A61,A74,1,A93,A101,4,A121,A14,A143,A152,1,A172,1,A191,A201,1
432,A132,24,A32,A410,11328,A61,A73,2,A93,A102,3,A123,A12,A141,A152,2,A174,1,A192,A201,2
433,A132,6,A34,A42,1872,A61,A71,4,A93,A101,4,A124,A11,A143,A153,3,A174,1,A192,A201,1
434,A132,24,A34,A45,2058,A61,A73,4,A91,A101,2,A121,A14,A143,A152,2,A173,1,A192,A201,1
435,A131,9,A32,A42,2136,A61,A73,3,A93,A101,2,A121,A11,A143,A152,1,A173,1,A191,A201,1
436,A131,12,A32,A43,1484,A65,A73,2,A94,A101,1,A121,A12,A143,A152,1,A173,1,A192,A201,2
437,A131,6,A32,A45,660,A63,A74,2,A94,A101,4,A121,A14,A143,A151,1,A172,1,A191,A201,1
438,A132,24,A34,A40,1287,A64,A75,4,A92,A101,4,A121,A14,A143,A152,2,A173,1,A192,A201,1
439,A132,42,A34,A45,3394,A61,A71,4,A93,A102,4,A123,A11,A143,A152,2,A171,1,A191,A201,1
440,A132,12,A31,A49,609,A61,A72,4,A92,A101,1,A121,A13,A143,A152,1,A171,1,A191,A201,2
441,A132,12,A32,A40,1884,A61,A75,4,A93,A101,4,A123,A14,A143,A152,1,A174,1,A192,A201,1
442,A132,12,A32,A42,1620,A61,A73,2,A92,A102,3,A122,A11,A143,A152,1,A173,1,A191,A201,1
443,A132,20,A33,A410,2629,A61,A73,2,A93,A101,3,A123,A12,A141,A152,2,A173,1,A192,A201,1
444,A132,12,A32,A46,719,A61,A75,4,A93,A101,4,A123,A14,A141,A152,1,A172,2,A191,A201,2
445,A132,48,A34,A42,5096,A61,A73,2,A92,A101,3,A123,A12,A143,A152,1,A174,1,A192,A201,2
446,A132,9,A34,A46,1244,A65,A75,4,A92,A101,4,A122,A14,A143,A151,2,A172,1,A191,A201,1
447,A132,36,A32,A40,1842,A61,A72,4,A92,A101,4,A123,A11,A143,A152,1,A173,1,A192,A201,2
448,A132,7,A32,A43,2576,A61,A73,2,A93,A103,2,A121,A12,A143,A152,1,A173,1,A191,A201,1
449,A132,12,A32,A42,1424,A65,A75,3,A92,A101,4,A121,A13,A143,A152,1,A174,1,A192,A201,1
450,A132,15,A33,A45,1512,A64,A73,3,A94,A101,3,A122,A12,A142,A152,2,A173,1,A191,A201,2
451,A132,36,A34,A41,11054,A65,A73,4,A93,A101,2,A123,A14,A143,A152,1,A174,1,A192,A201,1
452,A132,6,A32,A43,518,A61,A73,3,A92,A101,1,A121,A14,A143,A152,1,A173,1,A191,A201,1
453,A132,12,A30,A42,2759,A61,A75,2,A93,A101,4,A122,A14,A143,A152,2,A173,1,A191,A201,1
454,A132,24,A32,A41,2670,A61,A75,4,A93,A101,4,A123,A14,A143,A152,1,A174,1,A192,A201,1
455,A132,24,A32,A40,4817,A61,A74,2,A93,A102,3,A122,A11,A143,A152,1,A173,1,A192,A201,2
456,A132,24,A32,A41,2679,A61,A72,4,A92,A101,1,A124,A14,A143,A152,1,A174,1,A192,A201,1
457,A132,11,A34,A40,3905,A61,A73,2,A93,A101,2,A121,A11,A143,A151,2,A173,2,A191,A201,1
458,A132,12,A32,A41,3386,A61,A75,3,A93,A101,4,A124,A11,A143,A153,1,A173,1,A192,A201,2
459,A132,6,A32,A44,343,A61,A72,4,A92,A101,1,A121,A11,A143,A152,1,A173,1,A191,A201,1
460,A132,18,A32,A43,4594,A61,A72,3,A93,A101,2,A123,A14,A143,A152,1,A173,1,A192,A201,1
461,A132,36,A32,A42,3620,A61,A73,1,A93,A103,2,A122,A11,A143,A152,1,A173,2,A191,A201,1
462,A132,15,A32,A40,1721,A61,A72,2,A93,A101,3,A121,A11,A143,A152,1,A173,1,A191,A201,1
463,A132,12,A32,A42,3017,A61,A72,3,A92,A101,1,A121,A12,A143,A151,1,A174,1,A191,A201,1
464,A132,12,A32,A48,754,A65,A75,4,A93,A101,4,A122,A12,A143,A152,2,A173,1,A191,A201,1
465,A132,18,A32,A49,1950,A61,A74,4,A93,A101,1,A123,A14,A142,A152,2,A173,1,A192,A201,1
466,A132,24,A32,A41,2924,A61,A73,3,A93,A103,4,A124,A11,A141,A152,1,A173,2,A192,A201,1
467,A132,24,A33,A43,1659,A61,A72,4,A92,A101,2,A123,A11,A143,A151,1,A172,1,A192,A201,2
468,A132,48,A33,A43,7238,A65,A75,3,A93,A101,3,A123,A14,A141,A152,2,A173,2,A191,A201,1
469,A132,33,A33,A49,2764,A61,A73,2,A92,A101,2,A123,A14,A143,A152,2,A173,1,A192,A201,1
470,A132,24,A33,A41,4679,A61,A74,3,A93,A101,3,A123,A14,A143,A152,2,A172,1,A192,A201,1
471,A131,24,A32,A43,3092,A62,A72,3,A94,A101,2,A123,A12,A143,A151,1,A173,1,A192,A201,2
472,A131,6,A32,A46,448,A61,A72,4,A92,A101,4,A122,A11,A143,A152,1,A173,1,A191,A201,2
473,A132,9,A32,A40,654,A61,A73,4,A93,A101,3,A123,A11,A143,A152,1,A172,1,A191,A201,2
474,A132,6,A32,A48,1238,A65,A71,4,A93,A101,4,A122,A14,A143,A152,1,A174,2,A192,A201,1
475,A132,18,A34,A43,1245,A61,A73,4,A94,A101,2,A123,A12,A143,A152,1,A173,1,A191,A201,2
476,A132,18,A30,A42,3114,A61,A72,1,A92,A101,4,A122,A11,A143,A151,1,A173,1,A191,A201,2
477,A131,39,A32,A41,2569,A63,A73,4,A93,A101,4,A123,A14,A143,A152,1,A173,1,A191,A201,1
478,A131,24,A32,A43,5152,A61,A74,4,A93,A101,2,A123,A13,A141,A152,1,A173,1,A191,A201,1
479,A132,12,A32,A49,1037,A62,A74,3,A93,A101,4,A121,A12,A143,A152,1,A172,1,A191,A201,1
480,A132,15,A34,A42,1478,A61,A75,4,A93,A101,4,A123,A11,A143,A152,2,A173,2,A192,A201,1
481,A131,12,A34,A43,3573,A61,A73,1,A92,A101,1,A121,A12,A143,A152,1,A172,1,A191,A201,1
482,A132,24,A32,A40,1201,A61,A72,4,A93,A101,1,A122,A12,A143,A152,1,A173,1,A191,A201,1
483,A132,30,A32,A42,3622,A64,A75,4,A92,A101,4,A122,A11,A143,A151,2,A173,1,A192,A201,1
484,A132,15,A33,A42,960,A64,A74,3,A92,A101,2,A122,A14,A143,A152,2,A173,1,A191,A201,1
485,A132,12,A34,A40,1163,A63,A73,4,A93,A101,4,A121,A14,A143,A152,1,A173,1,A192,A201,1
486,A132,6,A33,A40,1209,A61,A71,4,A93,A101,4,A122,A12,A143,A152,1,A174,1,A192,A201,2
487,A132,12,A32,A43,3077,A61,A73,2,A93,A101,4,A123,A14,A143,A152,1,A173,1,A192,A201,1
488,A132,24,A32,A40,3757,A61,A75,4,A92,A102,4,A124,A14,A143,A153,1,A173,1,A192,A201,1
489,A132,10,A32,A40,1418,A62,A73,3,A93,A101,2,A121,A14,A143,A151,1,A172,1,A191,A202,1
490,A132,6,A32,A40,3518,A61,A73,2,A93,A103,3,A122,A14,A143,A151,1,A173,1,A191,A201,1
491,A132,12,A34,A43,1934,A61,A75,2,A93,A101,2,A124,A14,A143,A152,2,A173,1,A191,A201,1
492,A132,27,A30,A49,8318,A61,A75,2,A92,A101,4,A124,A12,A143,A153,2,A174,1,A192,A201,2
493,A132,6,A34,A43,1237,A62,A73,1,A92,A101,1,A122,A14,A143,A152,2,A173,1,A191,A201,1
494,A132,6,A32,A43,368,A65,A75,4,A93,A101,4,A122,A12,A143,A152,1,A173,1,A191,A201,1
495,A132,12,A34,A40,2122,A61,A73,3,A93,A101,2,A121,A11,A143,A151,2,A172,2,A191,A202,1
496,A131,24,A32,A42,2996,A65,A73,2,A94,A101,4,A123,A11,A143,A152,1,A173,1,A191,A201,2
497,A132,36,A32,A42,9034,A62,A72,4,A93,A102,1,A124,A12,A143,A151,1,A174,1,A192,A201,2
498,A132,24,A34,A42,1585,A61,A74,4,A93,A101,3,A122,A14,A143,A152,2,A173,1,A191,A201,1
499,A132,18,A32,A43,1301,A61,A75,4,A94,A103,2,A121,A12,A143,A152,1,A172,1,A191,A201,1
500,A132,6,A34,A40,1323,A62,A75,2,A91,A101,4,A123,A13,A143,A152,2,A173,2,A192,A201,1
501,A132,24,A32,A40,3123,A61,A72,4,A92,A101,1,A122,A11,A143,A152,1,A173,1,A191,A201,2
502,A132,36,A32,A41,5493,A61,A75,2,A93,A101,4,A124,A11,A143,A153,1,A173,2,A191,A201,1
503,A132,9,A32,A43,1126,A62,A75,2,A91,A101,4,A121,A13,A143,A152,1,A173,1,A191,A201,1
504,A132,24,A34,A43,1216,A62,A72,4,A93,A101,4,A124,A12,A141,A152,2,A173,2,A191,A201,2
505,A131,24,A32,A40,1207,A61,A72,4,A92,A101,4,A122,A11,A143,A151,1,A173,1,A191,A201,2
506,A132,10,A32,A40,1309,A65,A73,4,A93,A103,4,A122,A14,A143,A152,1,A172,1,A191,A201,2
507,A132,15,A34,A41,2360,A63,A73,2,A93,A101,2,A123,A13,A143,A152,1,A173,1,A192,A201,1
508,A132,15,A31,A40,6850,A62,A71,1,A93,A101,2,A122,A12,A143,A152,1,A174,2,A192,A201,2
509,A132,24,A32,A43,1413,A61,A73,4,A94,A101,2,A122,A14,A143,A152,1,A173,1,A191,A201,1
510,A132,39,A32,A41,8588,A62,A75,4,A93,A101,2,A123,A14,A143,A152,1,A174,1,A192,A201,1
511,A132,12,A32,A40,759,A61,A74,4,A93,A101,2,A121,A11,A143,A152,1,A173,1,A191,A201,2
512,A132,36,A32,A41,4686,A61,A73,2,A93,A101,2,A124,A14,A143,A153,1,A174,1,A192,A201,1
513,A132,15,A32,A49,2687,A61,A74,2,A93,A101,4,A122,A13,A143,A151,1,A173,1,A192,A201,1
514,A131,12,A33,A43,585,A61,A73,4,A94,A102,4,A121,A12,A143,A151,2,A173,1,A191,A201,1
515,A132,24,A32,A40,2255,A65,A72,4,A93,A101,1,A122,A14,A143,A152,1,A173,1,A191,A201,1
516,A132,6,A34,A40,609,A61,A74,4,A92,A101,3,A122,A11,A143,A152,2,A173,1,A191,A202,1
517,A132,6,A34,A40,1361,A61,A72,2,A93,A101,4,A121,A11,A143,A152,1,A172,2,A191,A202,1
518,A131,36,A34,A42,7127,A61,A72,2,A92,A101,4,A122,A14,A143,A151,2,A173,1,A192,A201,2
519,A132,6,A32,A40,1203,A62,A75,3,A93,A101,2,A122,A11,A143,A152,1,A173,1,A192,A201,1
520,A132,6,A34,A43,700,A65,A75,4,A93,A101,4,A124,A14,A143,A153,2,A173,1,A191,A201,1
521,A132,24,A34,A45,5507,A61,A75,3,A93,A101,4,A124,A14,A143,A153,2,A173,1,A191,A201,1
522,A131,18,A32,A43,3190,A61,A73,2,A92,A101,2,A121,A11,A143,A152,1,A173,1,A191,A201,2
523,A132,48,A30,A42,7119,A61,A73,3,A93,A101,4,A124,A11,A143,A153,2,A173,2,A191,A201,2
524,A131,24,A32,A41,3488,A62,A74,3,A92,A101,4,A123,A14,A143,A152,1,A173,1,A191,A201,1
525,A132,18,A32,A43,1113,A61,A73,4,A92,A103,4,A121,A12,A143,A152,1,A172,2,A191,A201,1
526,A132,26,A32,A41,7966,A61,A72,2,A93,A101,3,A123,A12,A143,A152,2,A173,1,A191,A201,1
527,A132,15,A34,A46,1532,A62,A73,4,A92,A101,3,A123,A14,A143,A152,1,A173,1,A191,A201,1
528,A132,4,A34,A43,1503,A61,A74,2,A93,A101,1,A121,A14,A143,A152,2,A172,2,A191,A201,1
529,A132,36,A32,A43,2302,A61,A73,4,A91,A101,4,A123,A11,A143,A151,1,A173,1,A191,A201,2
530,A132,6,A32,A40,662,A61,A72,3,A93,A101,4,A121,A11,A143,A152,1,A172,2,A192,A201,1
531,A132,36,A32,A46,2273,A61,A74,3,A93,A101,1,A123,A12,A143,A152,2,A173,2,A191,A201,1
532,A132,15,A32,A40,2631,A62,A73,2,A92,A101,4,A123,A12,A143,A151,2,A173,1,A192,A201,2
533,A132,12,A33,A41,1503,A61,A73,4,A94,A101,4,A121,A14,A143,A151,1,A173,1,A191,A201,1
534,A132,24,A32,A43,1311,A62,A74,4,A94,A101,3,A122,A14,A143,A152,1,A173,1,A192,A201,1
535,A131,24,A32,A43,3105,A65,A72,4,A93,A101,2,A123,A14,A143,A152,2,A173,1,A191,A201,1
536,A132,21,A34,A46,2319,A61,A72,2,A91,A101,1,A123,A13,A143,A151,1,A173,1,A191,A201,2
537,A132,6,A32,A40,1374,A65,A71,4,A92,A101,3,A122,A11,A143,A152,1,A174,1,A192,A201,1
538,A132,18,A34,A42,3612,A61,A75,3,A92,A101,4,A122,A12,A143,A152,1,A173,1,A192,A201,1
539,A132,48,A32,A40,7763,A61,A75,4,A93,A101,4,A124,A11,A141,A153,1,A174,1,A191,A201,2
540,A132,18,A32,A42,3049,A61,A72,1,A92,A101,1,A122,A13,A142,A152,1,A172,1,A191,A201,1
541,A131,12,A32,A43,1534,A61,A72,1,A94,A101,1,A121,A12,A143,A151,1,A173,1,A191,A201,2
542,A132,24,A33,A40,2032,A61,A75,4,A93,A101,4,A124,A14,A143,A153,2,A173,1,A192,A201,1
543,A132,30,A32,A42,6350,A65,A75,4,A93,A101,4,A122,A11,A143,A152,1,A173,1,A191,A201,2
544,A132,18,A32,A42,2864,A61,A73,2,A93,A101,1,A121,A13,A143,A152,1,A172,2,A191,A201,2
545,A132,12,A34,A40,1255,A61,A75,4,A93,A101,4,A121,A14,A143,A152,2,A172,1,A191,A201,1
546,A132,24,A33,A40,1333,A61,A71,4,A93,A101,2,A121,A11,A143,A153,2,A173,2,A191,A201,2
547,A132,24,A34,A40,2022,A61,A73,4,A92,A101,4,A123,A14,A143,A152,1,A173,1,A192,A201,1
548,A132,24,A32,A43,1552,A61,A74,3,A93,A101,1,A123,A14,A141,A152,1,A173,2,A191,A201,1
549,A131,12,A31,A43,626,A61,A73,4,A92,A101,4,A121,A11,A141,A152,1,A172,1,A191,A201,2
550,A132,48,A34,A41,8858,A65,A74,2,A93,A101,1,A124,A14,A143,A153,2,A173,1,A192,A201,1
551,A131,12,A34,A45,996,A65,A74,4,A92,A101,4,A121,A14,A143,A152,2,A173,1,A191,A201,1
552,A132,6,A31,A43,1750,A63,A75,2,A93,A101,4,A122,A14,A141,A152,1,A172,2,A191,A201,1
553,A132,48,A32,A43,6999,A61,A74,1,A94,A103,1,A121,A11,A143,A152,2,A173,1,A192,A201,2
554,A132,12,A34,A40,1995,A62,A72,4,A93,A101,1,A123,A12,A143,A152,1,A173,1,A191,A201,1
555,A132,9,A32,A46,1199,A61,A74,4,A92,A101,4,A122,A12,A143,A152,2,A174,1,A192,A201,1
556,A131,12,A32,A43,1331,A61,A72,2,A93,A101,1,A123,A12,A142,A152,1,A173,1,A191,A201,2
557,A132,18,A30,A40,2278,A62,A72,3,A92,A101,3,A123,A12,A143,A152,2,A173,1,A191,A201,2
558,A132,21,A30,A40,5003,A65,A73,1,A92,A101,4,A122,A14,A141,A152,2,A173,1,A192,A201,2
559,A132,24,A31,A42,3552,A61,A74,3,A93,A101,4,A123,A11,A141,A152,1,A173,1,A191,A201,2
560,A132,18,A34,A42,1928,A61,A72,2,A93,A101,2,A121,A12,A143,A152,2,A172,1,A191,A201,2
561,A132,24,A32,A41,2964,A65,A75,4,A93,A101,4,A124,A11,A141,A153,1,A173,2,A192,A201,1
562,A131,24,A31,A43,1546,A61,A74,4,A93,A103,4,A123,A11,A141,A151,1,A172,1,A191,A201,2
563,A132,6,A33,A43,683,A61,A72,2,A92,A101,1,A122,A13,A141,A152,1,A173,1,A191,A201,1
564,A132,36,A32,A40,12389,A65,A73,1,A93,A101,4,A124,A12,A143,A153,1,A173,1,A192,A201,2
565,A132,24,A33,A49,4712,A65,A73,4,A93,A101,2,A122,A12,A141,A152,2,A174,1,A192,A201,1
566,A131,24,A33,A43,1553,A62,A74,3,A92,A101,2,A122,A12,A143,A151,2,A173,1,A192,A201,1
567,A132,12,A32,A40,1372,A61,A74,2,A91,A101,3,A123,A11,A143,A152,1,A173,1,A191,A201,2
568,A132,24,A34,A43,2578,A64,A75,2,A93,A101,2,A123,A14,A143,A152,1,A173,1,A191,A201,1
569,A132,48,A32,A43,3979,A65,A74,4,A93,A101,1,A123,A12,A143,A152,2,A173,2,A192,A201,1
570,A132,48,A32,A43,6758,A61,A73,3,A92,A101,2,A123,A11,A143,A152,1,A173,1,A192,A201,2
571,A131,24,A32,A42,3234,A61,A72,4,A92,A101,4,A121,A11,A143,A151,1,A172,1,A192,A201,2
572,A132,30,A34,A43,5954,A61,A74,3,A93,A102,2,A123,A14,A143,A152,1,A173,1,A191,A201,1
573,A132,24,A32,A41,5433,A65,A71,2,A92,A101,4,A122,A14,A143,A151,1,A174,1,A192,A201,1
574,A131,15,A32,A49,806,A61,A73,4,A92,A101,4,A122,A11,A143,A152,1,A172,1,A191,A201,1
575,A132,9,A32,A43,1082,A61,A75,4,A93,A101,4,A123,A12,A143,A152,2,A172,1,A191,A201,1
576,A131,15,A34,A42,2788,A61,A74,2,A92,A102,3,A123,A14,A141,A152,2,A173,1,A191,A201,1
577,A132,12,A32,A43,2930,A61,A74,2,A92,A101,1,A121,A12,A143,A152,1,A173,1,A191,A201,1
578,A132,24,A34,A46,1927,A65,A73,3,A92,A101,2,A123,A14,A143,A152,2,A173,1,A192,A201,1
579,A132,36,A34,A40,2820,A61,A72,4,A91,A101,4,A123,A12,A143,A152,2,A173,1,A191,A201,2
580,A132,24,A32,A48,937,A61,A72,4,A94,A101,3,A123,A14,A143,A152,2,A172,1,A191,A201,1
581,A132,18,A34,A40,1056,A61,A75,3,A93,A103,3,A121,A12,A141,A152,2,A173,1,A191,A201,2
582,A132,12,A34,A40,3124,A61,A72,1,A93,A101,3,A121,A12,A141,A152,2,A172,2,A191,A201,1
583,A132,9,A32,A42,1388,A61,A73,4,A92,A101,2,A121,A14,A143,A151,1,A173,1,A191,A201,1
584,A132,36,A32,A45,2384,A61,A72,4,A93,A101,1,A124,A12,A143,A151,1,A172,1,A191,A201,2
585,A132,12,A32,A40,2133,A65,A75,4,A92,A101,4,A124,A14,A143,A153,1,A174,1,A192,A201,1
586,A131,18,A32,A42,2039,A61,A73,1,A92,A101,4,A121,A11,A141,A151,1,A173,1,A191,A201,2
587,A132,9,A34,A40,2799,A61,A73,2,A93,A101,2,A121,A11,A143,A151,2,A173,2,A191,A201,1
588,A131,12,A32,A42,1289,A61,A73,4,A93,A103,1,A122,A11,A143,A152,1,A172,1,A191,A201,1
589,A132,18,A32,A44,1217,A61,A73,4,A94,A101,3,A121,A11,A143,A152,1,A172,1,A192,A201,2
590,A132,12,A34,A42,2246,A61,A75,3,A93,A101,3,A122,A11,A143,A152,2,A173,1,A191,A201,2
591,A132,12,A34,A43,385,A61,A74,4,A92,A101,3,A121,A11,A143,A152,4,A172,1,A192,A201,1
592,A132,24,A33,A40,1965,A65,A73,4,A92,A101,4,A123,A12,A143,A151,2,A173,1,A192,A201,1
593,A132,21,A32,A49,1572,A64,A75,4,A92,A101,4,A121,A14,A141,A152,1,A172,1,A191,A201,1
594,A131,24,A32,A40,2718,A61,A73,3,A92,A101,4,A122,A12,A143,A151,1,A172,1,A192,A201,2
595,A132,24,A31,A410,1358,A65,A75,4,A93,A101,3,A123,A11,A142,A152,1,A174,1,A192,A201,2
596,A132,6,A31,A40,931,A62,A72,1,A92,A101,1,A122,A12,A142,A152,1,A172,1,A191,A201,2
597,A131,24,A32,A40,1442,A61,A74,4,A92,A101,4,A123,A11,A143,A151,2,A173,1,A191,A201,2
598,A132,24,A30,A49,4241,A61,A73,1,A93,A101,4,A121,A12,A143,A152,3,A172,1,A192,A201,2
599,A132,18,A34,A40,2775,A61,A74,2,A93,A101,2,A122,A14,A141,A152,2,A173,1,A191,A201,2
600,A132,24,A33,A49,3863,A61,A73,1,A93,A101,2,A124,A14,A143,A153,1,A173,1,A191,A201,1
601,A132,7,A32,A43,2329,A61,A72,1,A92,A103,1,A121,A12,A143,A152,1,A173,1,A191,A201,1
602,A132,9,A32,A42,918,A61,A73,4,A92,A101,1,A122,A12,A143,A152,1,A173,1,A191,A201,2
603,A132,24,A31,A46,1837,A61,A74,4,A92,A101,4,A124,A12,A141,A153,1,A172,1,A191,A201,2
604,A132,36,A32,A42,3349,A61,A73,4,A92,A101,2,A123,A14,A143,A152,1,A174,1,A192,A201,2
605,A131,10,A32,A42,1275,A61,A72,4,A92,A101,2,A122,A13,A143,A152,1,A173,1,A191,A201,1
606,A131,24,A31,A42,2828,A63,A73,4,A93,A101,4,A121,A11,A142,A152,1,A173,1,A192,A201,1
607,A132,24,A34,A49,4526,A61,A73,3,A93,A101,2,A121,A14,A143,A152,1,A174,1,A192,A201,1
608,A132,36,A32,A43,2671,A62,A73,4,A92,A102,4,A124,A12,A143,A153,1,A173,1,A191,A201,2
609,A132,18,A32,A43,2051,A61,A72,4,A93,A101,1,A121,A14,A143,A152,1,A173,1,A191,A201,1
610,A132,15,A32,A41,1300,A65,A75,4,A93,A101,4,A124,A14,A141,A153,1,A173,2,A191,A201,1
611,A131,12,A32,A44,741,A62,A71,4,A92,A101,3,A122,A11,A143,A152,1,A173,1,A191,A201,2
612,A132,10,A32,A40,1240,A62,A75,1,A92,A101,4,A124,A13,A143,A153,1,A172,2,A191,A201,2
613,A132,21,A32,A43,3357,A64,A72,4,A92,A101,2,A123,A11,A141,A152,1,A173,1,A191,A201,1
614,A131,24,A31,A41,3632,A61,A73,1,A92,A103,4,A123,A11,A141,A151,1,A173,1,A191,A202,1
615,A131,18,A33,A42,1808,A61,A74,4,A92,A101,1,A121,A14,A143,A152,1,A173,1,A191,A201,2
616,A132,48,A30,A49,12204,A65,A73,2,A93,A101,2,A123,A12,A141,A152,1,A174,1,A192,A201,1
617,A132,60,A33,A43,9157,A65,A73,2,A93,A101,2,A124,A12,A143,A153,1,A174,1,A191,A201,1
618,A132,6,A34,A40,3676,A61,A73,1,A93,A101,3,A121,A11,A143,A151,3,A173,2,A191,A201,1
619,A131,30,A32,A42,3441,A62,A73,2,A92,A102,4,A123,A12,A143,A151,1,A173,1,A191,A201,2
620,A132,12,A32,A40,640,A61,A73,4,A91,A101,2,A121,A14,A143,A152,1,A172,1,A191,A201,1
621,A132,21,A34,A49,3652,A61,A74,2,A93,A101,3,A122,A12,A143,A152,2,A173,1,A191,A201,1
622,A132,18,A34,A40,1530,A61,A73,3,A93,A101,2,A122,A14,A141,A152,2,A173,1,A191,A201,2
623,A132,48,A32,A49,3914,A65,A73,4,A91,A101,2,A121,A14,A141,A152,1,A173,1,A191,A201,2
624,A131,12,A32,A42,1858,A61,A72,4,A92,A101,1,A123,A11,A143,A151,1,A173,1,A191,A201,1
625,A132,18,A32,A43,2600,A61,A73,4,A93,A101,4,A124,A11,A143,A153,2,A173,1,A191,A201,2
626,A132,15,A32,A43,1979,A65,A75,4,A93,A101,2,A123,A14,A143,A152,1,A173,1,A191,A201,1
627,A132,6,A32,A42,2116,A61,A73,2,A93,A101,2,A121,A13,A143,A152,1,A173,1,A192,A201,1
628,A132,9,A31,A40,1437,A62,A74,2,A93,A101,3,A124,A12,A143,A152,1,A173,1,A191,A201,2
629,A132,42,A34,A42,4042,A63,A73,4,A93,A101,4,A121,A14,A143,A152,2,A173,1,A192,A201,1
630,A132,9,A32,A46,3832,A65,A75,1,A93,A101,4,A121,A14,A143,A152,1,A172,1,A191,A201,1
631,A132,24,A32,A43,3660,A61,A73,2,A92,A101,4,A123,A11,A143,A152,1,A173,1,A191,A201,1
632,A132,18,A31,A42,1553,A61,A73,4,A93,A101,3,A123,A11,A141,A152,1,A173,1,A191,A201,2
633,A131,15,A32,A43,1444,A65,A72,4,A93,A101,1,A122,A12,A143,A152,1,A173,1,A191,A201,1
634,A131,9,A32,A42,1980,A61,A72,2,A92,A102,2,A123,A14,A143,A151,2,A173,1,A191,A201,2
635,A131,24,A32,A40,1355,A61,A72,3,A92,A101,4,A123,A12,A143,A152,1,A172,1,A192,A201,2
636,A132,12,A32,A46,1393,A61,A75,4,A93,A101,4,A122,A14,A141,A152,3,A173,2,A192,A201,1
637,A132,24,A32,A43,1376,A63,A74,4,A92,A101,1,A123,A14,A143,A152,1,A173,1,A191,A201,1
638,A131,60,A33,A43,15653,A61,A74,2,A93,A101,4,A123,A14,A143,A152,2,A173,1,A192,A201,1
639,A132,12,A32,A43,1493,A61,A72,4,A92,A101,3,A123,A14,A143,A152,1,A173,2,A191,A201,1
640,A132,42,A33,A43,4370,A61,A74,3,A93,A101,2,A122,A11,A141,A152,2,A173,2,A192,A201,2
641,A132,18,A32,A46,750,A61,A71,4,A92,A101,1,A121,A11,A143,A152,1,A171,1,A191,A201,2
642,A132,15,A32,A45,1308,A61,A75,4,A93,A101,4,A123,A12,A143,A152,2,A172,1,A191,A201,1
643,A132,15,A32,A46,4623,A62,A73,3,A93,A101,2,A122,A14,A143,A152,1,A174,1,A192,A201,2
644,A132,24,A34,A43,1851,A61,A74,4,A94,A103,2,A123,A14,A143,A152,2,A173,1,A192,A201,1
645,A132,18,A34,A43,1880,A61,A74,4,A94,A101,1,A122,A11,A143,A152,2,A174,1,A192,A201,1
646,A132,36,A33,A49,7980,A65,A72,4,A93,A101,4,A123,A14,A143,A151,2,A173,1,A192,A201,2
647,A132,30,A30,A42,4583,A61,A73,2,A91,A103,2,A121,A11,A143,A152,2,A173,1,A191,A201,1
648,A132,12,A32,A40,1386,A63,A73,2,A92,A101,2,A122,A14,A143,A152,1,A173,1,A191,A201,2
649,A132,24,A32,A40,947,A61,A74,4,A93,A101,3,A124,A13,A141,A153,1,A173,2,A191,A201,2
650,A132,12,A32,A46,684,A61,A73,4,A93,A101,4,A123,A11,A143,A151,1,A172,2,A191,A201,2
651,A132,48,A32,A46,7476,A61,A74,4,A93,A101,1,A124,A11,A143,A153,1,A174,1,A192,A201,1
652,A132,12,A32,A42,1922,A61,A73,4,A93,A101,2,A122,A12,A143,A152,1,A172,1,A191,A201,2
653,A132,24,A32,A40,2303,A61,A75,4,A93,A102,1,A121,A11,A143,A152,1,A173,1,A191,A201,2
654,A132,36,A33,A40,8086,A62,A75,2,A93,A101,4,A123,A12,A143,A152,4,A174,1,A192,A201,2
655,A132,24,A34,A41,2346,A61,A74,4,A93,A101,3,A123,A14,A143,A152,2,A173,1,A192,A201,1
656,A131,14,A32,A40,3973,A61,A71,1,A93,A101,4,A124,A11,A143,A153,1,A173,1,A191,A201,1
657,A132,12,A32,A40,888,A61,A75,4,A93,A101,4,A123,A12,A141,A152,1,A172,2,A191,A201,2
658,A132,48,A32,A43,10222,A65,A74,4,A93,A101,3,A123,A14,A142,A152,1,A173,1,A192,A201,1
659,A132,30,A30,A49,4221,A61,A73,2,A92,A101,1,A123,A12,A143,A152,2,A173,1,A191,A201,1
660,A132,18,A34,A42,6361,A61,A75,2,A93,A101,1,A124,A12,A143,A152,1,A173,1,A192,A201,1
661,A131,12,A32,A43,1297,A61,A73,3,A94,A101,4,A121,A13,A143,A151,1,A173,1,A191,A201,1
662,A131,12,A32,A40,900,A65,A73,4,A94,A101,2,A123,A11,A143,A152,1,A173,1,A191,A201,2
663,A132,21,A32,A42,2241,A61,A75,4,A93,A101,2,A121,A14,A143,A152,2,A173,1,A191,A201,1
664,A132,6,A33,A42,1050,A61,A71,4,A93,A101,1,A122,A12,A142,A152,2,A174,1,A192,A201,1
665,A132,6,A34,A46,1047,A61,A73,2,A92,A101,4,A122,A13,A143,A152,1,A172,1,A191,A201,1
666,A132,24,A34,A410,6314,A61,A71,4,A93,A102,2,A124,A14,A141,A152,2,A174,1,A192,A201,1
667,A132,30,A31,A42,3496,A64,A73,4,A93,A101,2,A123,A12,A142,A152,1,A173,2,A192,A201,1
668,A132,48,A31,A49,3609,A61,A73,1,A92,A101,1,A121,A14,A142,A152,1,A173,1,A191,A201,1
669,A132,12,A34,A40,4843,A61,A75,3,A93,A102,4,A122,A11,A143,A151,2,A173,1,A192,A201,2
670,A132,30,A34,A43,3017,A61,A75,4,A93,A101,4,A122,A13,A143,A152,1,A173,1,A191,A201,1
671,A132,24,A34,A49,4139,A62,A73,3,A93,A101,3,A122,A14,A143,A152,2,A172,1,A192,A201,1
672,A132,36,A32,A49,5742,A62,A74,2,A93,A101,2,A123,A14,A143,A152,2,A173,1,A192,A201,1
673,A132,60,A32,A40,10366,A61,A75,2,A93,A101,4,A122,A14,A143,A152,1,A174,1,A192,A201,1
674,A131,6,A34,A40,2080,A63,A73,1,A94,A101,2,A123,A14,A143,A152,1,A173,1,A191,A201,1
675,A132,21,A33,A49,2580,A63,A72,4,A93,A101,2,A121,A14,A141,A152,1,A172,2,A191,A201,2
676,A132,30,A34,A43,4530,A61,A74,4,A92,A101,4,A123,A14,A143,A151,1,A174,1,A192,A201,1
677,A132,24,A34,A42,5150,A61,A75,4,A93,A101,4,A123,A14,A143,A152,1,A173,1,A192,A201,1
678,A131,72,A32,A43,5595,A62,A73,2,A94,A101,2,A123,A12,A143,A152,1,A173,1,A191,A201,2
679,A132,24,A32,A43,2384,A61,A75,4,A93,A101,4,A121,A11,A141,A151,1,A172,1,A191,A201,1
680,A132,18,A32,A43,1453,A61,A72,3,A92,A101,1,A121,A14,A143,A152,1,A173,1,A191,A201,1
681,A132,6,A32,A46,1538,A61,A72,1,A92,A101,2,A124,A14,A143,A152,1,A173,1,A191,A201,1
682,A132,12,A32,A43,2279,A65,A73,4,A93,A101,4,A124,A14,A143,A153,1,A173,1,A192,A201,1
683,A132,15,A33,A43,1478,A61,A73,4,A94,A101,3,A121,A14,A141,A152,2,A173,1,A191,A201,1
684,A132,24,A34,A43,5103,A61,A72,3,A94,A101,3,A124,A14,A143,A153,3,A173,1,A192,A201,1
685,A132,36,A33,A49,9857,A62,A74,1,A93,A101,3,A122,A12,A143,A152,2,A172,2,A192,A201,1
686,A132,60,A32,A40,6527,A65,A73,4,A93,A101,4,A124,A14,A143,A153,1,A173,2,A192,A201,1
687,A132,10,A34,A43,1347,A65,A74,4,A93,A101,2,A122,A13,A143,A152,2,A173,1,A192,A201,1
688,A132,36,A33,A40,2862,A62,A75,4,A93,A101,3,A124,A12,A143,A153,1,A173,1,A191,A201,1
689,A132,9,A32,A43,2753,A62,A75,3,A93,A102,4,A123,A14,A143,A152,1,A173,1,A192,A201,1
690,A132,12,A32,A40,3651,A64,A73,1,A93,A101,3,A122,A11,A143,A152,1,A173,2,A191,A201,1
691,A131,15,A34,A42,975,A61,A73,2,A91,A101,3,A122,A11,A143,A152,2,A173,1,A191,A201,1
692,A131,15,A32,A45,2631,A62,A73,3,A92,A101,2,A121,A12,A143,A152,1,A172,1,A191,A201,1
693,A132,24,A32,A43,2896,A62,A72,2,A93,A101,1,A123,A12,A143,A152,1,A173,1,A191,A201,1
694,A132,6,A34,A40,4716,A65,A72,1,A93,A101,3,A121,A11,A143,A152,2,A172,2,A191,A201,1
695,A132,24,A32,A43,2284,A61,A74,4,A93,A101,2,A123,A14,A143,A152,1,A173,1,A192,A201,1
696,A132,6,A32,A41,1236,A63,A73,2,A93,A101,4,A122,A14,A143,A151,1,A173,1,A191,A201,1
697,A132,12,A32,A43,1103,A61,A74,4,A93,A103,3,A121,A12,A143,A152,2,A173,1,A191,A202,1
698,A132,12,A34,A40,926,A61,A71,1,A92,A101,2,A122,A14,A143,A152,1,A171,1,A191,A201,1
699,A131,18,A34,A43,1800,A61,A73,4,A93,A101,2,A123,A14,A143,A152,2,A173,1,A191,A201,1
700,A132,15,A32,A46,1905,A61,A75,4,A93,A101,4,A123,A13,A143,A151,1,A174,1,A192,A201,1
701,A132,12,A32,A42,1123,A63,A73,4,A92,A101,4,A123,A14,A143,A151,1,A172,1,A191,A201,2
702,A132,48,A34,A41,6331,A61,A75,4,A93,A101,4,A124,A11,A143,A153,2,A173,1,A192,A201,2
703,A132,24,A32,A43,1377,A62,A75,4,A92,A101,2,A124,A13,A143,A153,1,A173,1,A192,A201,1
704,A132,30,A33,A49,2503,A62,A75,4,A93,A101,2,A122,A12,A142,A152,2,A173,1,A191,A201,1
705,A132,27,A32,A49,2528,A61,A72,4,A92,A101,1,A122,A12,A143,A152,1,A173,2,A192,A201,1
706,A132,15,A32,A40,5324,A63,A75,1,A92,A101,4,A124,A14,A143,A153,1,A173,1,A191,A201,1
707,A131,48,A32,A40,6560,A62,A74,3,A93,A101,2,A122,A12,A143,A152,1,A173,1,A191,A201,2
708,A131,12,A30,A42,2969,A61,A72,4,A92,A101,3,A122,A12,A143,A151,2,A173,1,A191,A201,2
709,A131,9,A32,A43,1206,A61,A75,4,A92,A101,4,A121,A12,A143,A152,1,A173,1,A191,A201,1
710,A132,9,A32,A43,2118,A61,A73,2,A93,A101,2,A121,A12,A143,A152,1,A172,2,A191,A201,1
711,A132,18,A34,A43,629,A63,A75,4,A93,A101,3,A122,A14,A141,A152,2,A174,1,A192,A201,1
712,A132,6,A31,A46,1198,A61,A75,4,A92,A101,4,A124,A11,A143,A153,1,A173,1,A191,A201,2
713,A132,21,A32,A41,2476,A65,A75,4,A93,A101,4,A121,A14,A143,A152,1,A174,1,A192,A201,1
714,A131,9,A34,A43,1138,A61,A73,4,A93,A101,4,A121,A11,A143,A152,2,A172,1,A191,A201,1
715,A132,60,A32,A40,14027,A61,A74,4,A93,A101,2,A124,A12,A143,A152,1,A174,1,A192,A201,2
716,A132,30,A34,A41,7596,A65,A75,1,A93,A101,4,A123,A14,A143,A152,2,A173,1,A191,A201,1
717,A132,30,A34,A43,3077,A65,A75,3,A93,A101,2,A123,A14,A143,A152,2,A173,2,A192,A201,1
718,A132,18,A32,A43,1505,A61,A73,4,A93,A101,2,A124,A14,A143,A153,1,A174,1,A192,A201,1
719,A132,24,A34,A43,3148,A65,A73,3,A93,A101,2,A123,A13,A143,A152,2,A173,1,A192,A201,1
720,A132,20,A30,A41,6148,A62,A75,3,A94,A101,4,A123,A12,A141,A152,2,A173,1,A192,A201,1
721,A132,9,A30,A43,1337,A61,A72,4,A93,A101,2,A123,A13,A143,A152,2,A174,1,A192,A201,2
722,A131,6,A31,A46,433,A64,A72,4,A92,A101,2,A122,A12,A141,A151,1,A173,2,A191,A201,2
723,A131,12,A32,A40,1228,A61,A73,4,A92,A101,2,A121,A11,A143,A152,1,A172,1,A191,A201,2
724,A132,9,A32,A43,790,A63,A73,4,A92,A101,3,A121,A12,A143,A152,1,A172,1,A191,A201,1
725,A131,27,A32,A40,2570,A61,A73,3,A92,A101,3,A121,A14,A143,A151,1,A173,1,A191,A201,2
726,A132,6,A34,A40,250,A64,A73,2,A92,A101,2,A121,A14,A141,A152,2,A172,1,A191,A201,1
727,A132,15,A34,A43,1316,A63,A73,2,A94,A101,2,A122,A14,A143,A152,2,A172,1,A191,A201,1
728,A131,18,A32,A43,1882,A61,A73,4,A92,A101,4,A123,A11,A141,A151,2,A173,1,A191,A201,2
729,A132,48,A31,A49,6416,A61,A75,4,A92,A101,3,A124,A12,A143,A151,1,A173,1,A191,A201,2
730,A132,24,A34,A49,1275,A64,A73,2,A91,A101,4,A121,A13,A143,A152,2,A173,1,A192,A201,1
731,A132,24,A33,A43,6403,A61,A72,1,A93,A101,2,A123,A12,A143,A152,1,A173,1,A191,A201,1
732,A131,24,A32,A43,1987,A61,A73,2,A93,A101,4,A121,A11,A143,A151,1,A172,2,A191,A201,2
733,A132,8,A32,A43,760,A61,A74,4,A92,A103,2,A121,A12,A143,A152,1,A172,1,A191,A201,1
734,A132,24,A32,A41,2603,A64,A73,2,A92,A101,4,A123,A14,A143,A151,1,A173,1,A192,A201,1
735,A132,4,A34,A40,3380,A61,A74,1,A92,A101,1,A121,A14,A143,A152,1,A173,2,A191,A201,1
736,A132,36,A31,A44,3990,A65,A72,3,A92,A101,2,A124,A12,A141,A152,1,A171,1,A191,A201,1
737,A131,24,A32,A41,11560,A61,A73,1,A92,A101,4,A123,A12,A143,A151,2,A174,1,A191,A201,2
738,A132,18,A32,A40,4380,A62,A73,3,A93,A101,4,A123,A11,A143,A152,1,A172,2,A192,A201,1
739,A132,6,A34,A40,6761,A61,A74,1,A93,A101,3,A124,A14,A143,A152,2,A174,2,A192,A201,1
740,A132,30,A30,A49,4280,A62,A73,4,A92,A101,4,A123,A12,A143,A151,2,A172,1,A191,A201,2
741,A132,24,A31,A40,2325,A62,A74,2,A93,A101,3,A123,A11,A141,A152,1,A173,1,A191,A201,1
742,A131,10,A31,A43,1048,A61,A73,4,A93,A101,4,A121,A12,A142,A152,1,A172,1,A191,A201,1
743,A132,21,A32,A43,3160,A65,A75,4,A93,A101,3,A122,A14,A143,A152,1,A173,1,A192,A201,1
744,A131,24,A31,A42,2483,A63,A73,4,A93,A101,4,A121,A11,A142,A152,1,A173,1,A192,A201,1
745,A132,39,A34,A42,14179,A65,A74,4,A93,A101,4,A122,A11,A143,A152,2,A174,1,A192,A201,1
746,A132,13,A34,A49,1797,A61,A72,3,A93,A101,1,A122,A11,A141,A152,2,A172,1,A191,A201,1
747,A131,15,A32,A40,2511,A61,A71,1,A92,A101,4,A123,A11,A143,A151,1,A173,1,A191,A201,1
748,A132,12,A32,A40,1274,A61,A72,3,A92,A101,1,A121,A11,A143,A152,1,A172,1,A191,A201,2
749,A132,21,A32,A41,5248,A65,A73,1,A93,A101,3,A123,A14,A143,A152,1,A173,1,A191,A201,1
750,A132,15,A32,A41,3029,A61,A74,2,A93,A101,2,A123,A14,A143,A152,1,A173,1,A191,A201,1
751,A132,6,A32,A42,428,A61,A75,2,A92,A101,1,A122,A11,A141,A152,1,A173,1,A192,A201,1
752,A131,18,A32,A40,976,A61,A72,1,A92,A101,2,A123,A11,A143,A152,1,A172,1,A191,A201,2
753,A131,12,A32,A49,841,A62,A74,2,A92,A101,4,A121,A12,A143,A151,1,A172,1,A191,A201,1
754,A131,30,A34,A43,5771,A61,A74,4,A92,A101,2,A123,A14,A143,A152,2,A173,1,A191,A201,1
755,A132,12,A33,A45,1555,A64,A75,4,A93,A101,4,A124,A14,A143,A153,2,A173,2,A191,A201,2
756,A132,24,A32,A40,1285,A65,A74,4,A92,A101,4,A124,A11,A143,A151,1,A173,1,A191,A201,2
757,A132,6,A34,A40,1299,A61,A73,1,A93,A101,1,A121,A13,A143,A152,3,A171,2,A191,A202,1
758,A132,15,A34,A43,1271,A65,A73,3,A93,A101,4,A124,A13,A143,A153,2,A173,1,A192,A201,2
759,A132,24,A32,A40,1393,A61,A73,2,A93,A103,2,A121,A14,A143,A152,1,A173,1,A192,A201,1
760,A132,12,A34,A40,691,A61,A75,4,A93,A101,3,A122,A11,A143,A152,2,A173,1,A191,A201,2
761,A132,15,A34,A40,5045,A65,A75,1,A92,A101,4,A123,A14,A143,A152,1,A173,1,A192,A201,1
762,A131,18,A34,A42,2124,A61,A73,4,A92,A101,4,A121,A11,A143,A151,2,A173,1,A191,A201,2
763,A131,12,A32,A43,2214,A61,A73,4,A93,A101,3,A122,A11,A143,A152,1,A172,1,A191,A201,1
764,A132,21,A34,A40,12680,A65,A75,4,A93,A101,4,A124,A14,A143,A153,1,A174,1,A192,A201,2
765,A132,24,A34,A40,2463,A62,A74,4,A94,A101,3,A122,A14,A143,A152,2,A173,1,A192,A201,1
766,A132,12,A32,A43,1155,A61,A75,3,A94,A103,3,A121,A12,A141,A152,2,A172,1,A191,A201,1
767,A132,30,A32,A42,3108,A61,A72,2,A91,A101,4,A122,A11,A143,A152,1,A172,1,A191,A201,2
768,A132,10,A32,A41,2901,A65,A72,1,A92,A101,4,A121,A14,A143,A151,1,A173,1,A191,A201,1
769,A132,12,A34,A42,3617,A61,A75,1,A93,A101,4,A123,A12,A143,A151,3,A173,1,A192,A201,1
770,A132,12,A34,A43,1655,A61,A75,2,A93,A101,4,A121,A14,A143,A152,2,A172,1,A192,A201,1
771,A132,24,A32,A41,2812,A65,A75,2,A92,A101,4,A121,A11,A143,A151,1,A173,1,A191,A201,1
772,A131,36,A34,A46,8065,A61,A73,3,A92,A101,2,A124,A11,A143,A152,2,A174,1,A192,A201,2
773,A132,21,A34,A41,3275,A61,A75,1,A93,A101,4,A123,A14,A143,A152,1,A174,1,A192,A201,1
774,A132,24,A34,A43,2223,A62,A75,4,A93,A101,4,A122,A14,A141,A152,2,A173,1,A191,A201,1
775,A132,12,A34,A40,1480,A63,A71,2,A93,A101,4,A124,A13,A141,A153,3,A171,1,A191,A201,1
776,A131,24,A32,A40,1371,A65,A73,4,A92,A101,4,A121,A11,A143,A151,1,A173,1,A191,A201,2
777,A132,36,A34,A40,3535,A61,A74,4,A93,A101,4,A123,A14,A143,A152,2,A173,1,A192,A201,1
778,A131,18,A32,A43,3509,A61,A74,4,A92,A103,1,A121,A11,A143,A152,1,A173,1,A191,A201,1
779,A132,36,A34,A41,5711,A64,A75,4,A93,A101,2,A123,A14,A143,A152,2,A174,1,A192,A201,1
780,A132,18,A32,A45,3872,A61,A71,2,A92,A101,4,A123,A12,A143,A152,1,A173,1,A192,A201,1
781,A131,39,A34,A43,4933,A61,A74,2,A93,A103,2,A121,A12,A143,A152,2,A173,1,A191,A201,2
782,A132,24,A34,A40,1940,A64,A75,4,A93,A101,4,A121,A14,A143,A152,1,A173,1,A192,A201,1
783,A132,12,A30,A48,1410,A61,A73,2,A93,A101,2,A121,A12,A143,A152,1,A172,1,A192,A201,1
784,A131,12,A32,A40,836,A62,A72,4,A92,A101,2,A122,A12,A141,A152,1,A172,1,A191,A201,2
785,A132,20,A32,A41,6468,A65,A71,1,A91,A101,4,A121,A12,A143,A152,1,A174,1,A192,A201,1
786,A132,18,A32,A49,1941,A64,A73,4,A93,A101,2,A122,A12,A143,A152,1,A172,1,A192,A201,1
787,A132,22,A32,A43,2675,A63,A75,3,A93,A101,4,A123,A14,A143,A152,1,A173,1,A191,A201,1
788,A132,48,A34,A41,2751,A65,A75,4,A93,A101,3,A123,A14,A143,A152,2,A173,2,A192,A201,1
789,A132,48,A33,A46,6224,A61,A75,4,A93,A101,4,A124,A12,A143,A153,1,A173,1,A191,A201,2
790,A132,40,A34,A46,5998,A61,A73,4,A93,A101,3,A124,A11,A141,A152,1,A173,1,A192,A201,2
791,A132,21,A32,A49,1188,A61,A75,2,A92,A101,4,A122,A12,A143,A152,1,A173,2,A191,A201,2
792,A132,24,A32,A41,6313,A65,A75,3,A93,A101,4,A123,A14,A143,A152,1,A174,2,A192,A201,1
793,A132,6,A34,A42,1221,A65,A73,1,A94,A101,2,A122,A14,A143,A152,2,A173,1,A191,A201,1
794,A132,24,A32,A42,2892,A61,A75,3,A91,A101,4,A124,A13,A143,A153,1,A173,1,A191,A201,1
795,A132,24,A32,A42,3062,A63,A75,4,A93,A101,3,A124,A14,A143,A151,1,A173,1,A192,A201,1
796,A131,9,A32,A42,2301,A62,A72,2,A92,A101,4,A122,A14,A143,A151,1,A173,1,A191,A201,1
797,A132,18,A32,A41,7511,A65,A75,1,A93,A101,4,A122,A11,A143,A153,1,A173,2,A192,A201,2
798,A131,12,A34,A42,1258,A61,A72,2,A92,A101,4,A122,A14,A143,A151,2,A172,1,A191,A201,1
799,A132,24,A33,A40,717,A65,A75,4,A94,A101,4,A123,A14,A143,A152,2,A173,1,A192,A201,1
800,A132,9,A32,A40,1549,A65,A72,4,A93,A101,2,A121,A12,A143,A152,1,A171,1,A191,A201,1
801,A132,24,A34,A46,1597,A61,A75,4,A93,A101,4,A124,A14,A143,A153,2,A173,2,A191,A201,1
802,A132,18,A34,A43,1795,A61,A75,3,A92,A103,4,A121,A12,A141,A151,2,A172,1,A192,A201,1
803,A131,20,A34,A42,4272,A61,A75,1,A92,A101,4,A122,A11,A143,A152,2,A173,1,A191,A201,1
804,A132,12,A34,A43,976,A65,A75,4,A93,A101,4,A123,A14,A143,A152,2,A173,1,A191,A201,1
805,A131,12,A32,A40,7472,A65,A71,1,A92,A101,2,A121,A12,A143,A151,1,A171,1,A191,A201,1
806,A131,36,A32,A40,9271,A61,A74,2,A93,A101,1,A123,A11,A143,A152,1,A173,1,A192,A201,2
807,A132,6,A32,A43,590,A61,A72,3,A94,A101,3,A121,A12,A143,A152,1,A172,1,A191,A202,1
808,A132,12,A34,A43,930,A65,A75,4,A93,A101,4,A121,A14,A143,A152,4,A173,1,A191,A201,1
809,A132,42,A31,A41,9283,A61,A71,1,A93,A101,2,A124,A12,A141,A153,1,A174,1,A192,A201,1
810,A132,15,A30,A40,1778,A61,A72,2,A92,A101,1,A121,A12,A143,A151,2,A171,1,A191,A201,2
811,A132,8,A32,A49,907,A61,A72,3,A94,A101,2,A121,A12,A143,A152,1,A173,1,A192,A201,1
812,A132,6,A32,A43,484,A61,A74,3,A94,A103,3,A121,A12,A141,A152,1,A172,1,A191,A201,1
813,A131,36,A34,A41,9629,A61,A74,4,A93,A101,4,A123,A11,A143,A152,2,A173,1,A192,A201,2
814,A132,48,A32,A44,3051,A61,A73,3,A93,A101,4,A123,A11,A143,A152,1,A173,1,A191,A201,2
815,A132,48,A32,A40,3931,A61,A74,4,A93,A101,4,A124,A11,A143,A153,1,A173,2,A191,A201,2
816,A132,36,A33,A40,7432,A61,A73,2,A92,A101,2,A122,A12,A143,A151,1,A173,1,A191,A201,1
817,A132,6,A32,A44,1338,A63,A73,1,A91,A101,4,A121,A14,A143,A152,1,A173,1,A191,A201,1
818,A131,6,A34,A43,1554,A61,A74,1,A92,A101,2,A123,A14,A143,A151,2,A173,1,A192,A201,1
819,A132,36,A32,A410,15857,A61,A71,2,A91,A102,3,A123,A11,A143,A152,1,A174,1,A191,A201,1
820,A132,18,A32,A43,1345,A61,A73,4,A94,A101,3,A121,A11,A141,A152,1,A173,1,A191,A201,2
821,A132,12,A32,A40,1101,A61,A73,3,A94,A101,2,A121,A14,A143,A152,2,A173,1,A192,A201,1
822,A131,12,A32,A43,3016,A61,A73,3,A94,A101,1,A123,A13,A143,A152,1,A173,1,A191,A201,1
823,A132,36,A32,A42,2712,A61,A75,2,A93,A101,2,A122,A11,A141,A152,1,A173,2,A191,A201,2
824,A132,8,A34,A40,731,A61,A75,4,A93,A101,4,A121,A11,A143,A152,2,A172,1,A191,A201,1
825,A132,18,A34,A42,3780,A61,A72,3,A91,A101,2,A123,A14,A143,A152,2,A174,1,A192,A201,1
826,A132,21,A34,A40,1602,A61,A75,4,A94,A101,3,A123,A11,A143,A152,2,A173,1,A192,A201,1
827,A132,18,A34,A40,3966,A61,A75,1,A92,A101,4,A121,A11,A141,A151,3,A173,1,A192,A201,2
828,A132,18,A30,A49,4165,A61,A73,2,A93,A101,2,A123,A14,A142,A152,2,A173,2,A191,A201,2
829,A132,36,A32,A41,8335,A65,A75,3,A93,A101,4,A124,A11,A143,A153,1,A173,1,A191,A201,2
830,A132,48,A33,A49,6681,A65,A73,4,A93,A101,4,A124,A12,A143,A153,1,A173,2,A192,A201,1
831,A132,24,A33,A49,2375,A63,A73,4,A93,A101,2,A123,A14,A143,A152,2,A173,2,A192,A201,1
832,A131,18,A32,A40,1216,A61,A72,4,A92,A101,3,A123,A11,A143,A151,1,A173,1,A192,A201,2
833,A132,45,A30,A49,11816,A61,A75,2,A93,A101,4,A123,A11,A143,A151,2,A173,1,A191,A201,2
834,A132,24,A32,A43,5084,A65,A75,2,A92,A101,4,A123,A12,A143,A152,1,A173,1,A192,A201,1
835,A131,15,A32,A43,2327,A61,A72,2,A92,A101,3,A121,A13,A143,A152,1,A172,1,A191,A201,2
836,A132,12,A30,A40,1082,A61,A73,4,A93,A101,4,A123,A11,A141,A152,2,A173,1,A191,A201,2
837,A131,12,A32,A43,886,A65,A73,4,A92,A101,2,A123,A14,A143,A152,1,A173,1,A191,A201,1
838,A131,4,A32,A42,601,A61,A72,1,A92,A101,3,A121,A14,A143,A151,1,A172,2,A191,A201,1
839,A132,24,A34,A41,2957,A61,A75,4,A93,A101,4,A122,A11,A143,A152,2,A173,1,A192,A201,1
840,A132,24,A34,A43,2611,A61,A75,4,A94,A102,3,A121,A14,A143,A152,2,A173,1,A191,A201,1
841,A132,36,A32,A42,5179,A61,A74,4,A93,A101,2,A122,A11,A143,A152,1,A173,1,A191,A201,2
842,A132,21,A33,A41,2993,A61,A73,3,A93,A101,2,A121,A14,A142,A152,2,A172,1,A191,A201,1
843,A131,18,A32,A45,1943,A61,A72,4,A92,A101,4,A121,A14,A143,A152,1,A173,1,A191,A201,2
844,A132,24,A31,A49,1559,A61,A74,4,A93,A101,4,A123,A14,A141,A152,1,A173,1,A192,A201,1
845,A132,18,A32,A42,3422,A61,A75,4,A93,A101,4,A122,A14,A141,A152,3,A173,2,A192,A201,1
846,A132,21,A32,A42,3976,A65,A74,2,A93,A101,3,A123,A12,A143,A152,1,A173,1,A192,A201,1
847,A132,18,A32,A40,6761,A65,A73,2,A93,A101,4,A123,A14,A143,A151,2,A173,1,A191,A201,2
848,A132,24,A32,A40,1249,A61,A72,4,A94,A101,2,A121,A14,A143,A152,1,A173,1,A191,A201,1
849,A132,9,A32,A43,1364,A61,A74,3,A93,A101,4,A121,A11,A143,A152,1,A173,1,A191,A201,1
850,A132,12,A32,A43,709,A61,A75,4,A93,A101,4,A121,A11,A142,A152,1,A172,1,A191,A201,2
851,A132,20,A34,A40,2235,A61,A73,4,A94,A103,2,A122,A11,A141,A151,2,A173,1,A191,A202,2
852,A132,24,A34,A41,4042,A65,A74,3,A93,A101,4,A122,A14,A143,A152,2,A173,1,A192,A201,1
853,A132,15,A34,A43,1471,A61,A73,4,A93,A101,4,A124,A14,A143,A153,2,A173,1,A192,A201,1
854,A132,18,A31,A40,1442,A61,A74,4,A93,A101,4,A124,A11,A143,A153,2,A172,2,A191,A201,2
855,A132,36,A33,A40,10875,A61,A75,2,A93,A101,2,A123,A14,A143,A152,2,A173,2,A192,A201,1
856,A132,24,A32,A40,1474,A62,A72,4,A94,A101,3,A121,A14,A143,A152,1,A173,1,A192,A201,1
857,A132,10,A32,A48,894,A65,A74,4,A92,A101,3,A122,A14,A143,A152,1,A173,1,A192,A201,1
858,A132,15,A34,A42,3343,A61,A73,4,A93,A101,2,A124,A14,A143,A153,1,A173,1,A192,A201,1
859,A132,15,A32,A40,3959,A61,A73,3,A92,A101,2,A122,A11,A143,A152,1,A173,1,A192,A201,2
860,A132,9,A32,A40,3577,A62,A73,1,A93,A103,2,A121,A14,A143,A151,1,A173,2,A191,A202,1
861,A132,24,A34,A41,5804,A64,A73,4,A93,A101,2,A121,A14,A143,A152,2,A173,1,A191,A201,1
862,A132,18,A33,A49,2169,A61,A73,4,A94,A101,2,A123,A14,A143,A152,1,A173,1,A192,A201,2
863,A132,24,A32,A43,2439,A61,A72,4,A92,A101,4,A121,A11,A143,A152,1,A173,1,A192,A201,2
864,A132,27,A34,A42,4526,A64,A72,4,A93,A101,2,A121,A14,A142,A152,2,A172,2,A192,A201,1
865,A131,10,A32,A42,2210,A61,A73,2,A93,A101,2,A121,A14,A141,A151,1,A172,1,A191,A201,2
866,A131,15,A32,A42,2221,A63,A73,2,A92,A101,4,A123,A14,A143,A151,1,A173,1,A191,A201,1
867,A132,18,A32,A43,2389,A61,A72,4,A92,A101,1,A123,A11,A142,A152,1,A173,1,A191,A201,1
868,A132,12,A34,A42,3331,A61,A75,2,A93,A101,4,A122,A14,A142,A152,1,A173,1,A191,A201,1
869,A132,36,A32,A49,7409,A65,A75,3,A93,A101,2,A122,A14,A143,A152,2,A173,1,A191,A201,1
870,A131,12,A32,A42,652,A61,A75,4,A92,A101,4,A122,A11,A143,A151,1,A173,1,A191,A201,1
871,A132,36,A33,A42,7678,A63,A74,2,A92,A101,4,A123,A14,A143,A152,2,A173,1,A192,A201,1
872,A132,6,A34,A40,1343,A61,A75,1,A93,A101,4,A121,A13,A143,A152,2,A173,2,A191,A202,1
873,A132,24,A34,A49,1382,A62,A74,4,A93,A101,1,A121,A11,A143,A152,2,A173,1,A192,A201,1
874,A131,15,A32,A44,874,A65,A72,4,A92,A101,1,A121,A14,A143,A152,1,A173,1,A191,A201,1
875,A132,12,A32,A42,3590,A61,A73,2,A93,A102,2,A122,A11,A143,A152,1,A172,2,A191,A201,1
876,A132,11,A34,A40,1322,A64,A73,4,A92,A101,4,A123,A12,A143,A152,2,A173,1,A191,A201,1
877,A132,18,A31,A43,1940,A61,A72,3,A93,A102,4,A124,A11,A141,A153,1,A174,1,A192,A201,1
878,A132,36,A32,A43,3595,A61,A75,4,A93,A101,2,A123,A14,A143,A152,1,A173,1,A191,A201,1
879,A132,9,A32,A40,1422,A61,A72,3,A93,A101,2,A124,A11,A143,A153,1,A174,1,A192,A201,2
880,A132,30,A34,A43,6742,A65,A74,2,A93,A101,3,A122,A14,A143,A152,2,A173,1,A191,A201,1
881,A132,24,A32,A41,7814,A61,A74,3,A93,A101,3,A123,A14,A143,A152,1,A174,1,A192,A201,1
882,A132,24,A32,A41,9277,A65,A73,2,A91,A101,4,A124,A14,A143,A153,1,A173,1,A192,A201,1
883,A132,30,A34,A40,2181,A65,A75,4,A93,A101,4,A121,A12,A143,A152,2,A173,1,A191,A201,1
884,A132,18,A34,A43,1098,A61,A71,4,A92,A101,4,A123,A14,A143,A152,2,A171,1,A191,A201,1
885,A132,24,A32,A42,4057,A61,A74,3,A91,A101,3,A123,A12,A143,A152,1,A173,1,A192,A201,2
886,A132,12,A32,A46,795,A61,A72,4,A92,A101,4,A122,A11,A143,A152,1,A173,1,A191,A201,2
887,A132,24,A34,A49,2825,A65,A74,4,A93,A101,3,A124,A12,A143,A152,2,A173,2,A192,A201,1
888,A131,48,A32,A49,15672,A61,A73,2,A93,A101,2,A123,A12,A143,A152,1,A173,1,A192,A201,2
889,A132,36,A34,A40,6614,A61,A75,4,A93,A101,4,A123,A14,A143,A152,2,A174,1,A192,A201,1
890,A132,28,A31,A41,7824,A65,A72,3,A93,A103,4,A121,A14,A141,A151,2,A173,2,A192,A201,1
891,A132,27,A34,A49,2442,A61,A75,4,A93,A101,4,A123,A11,A142,A152,4,A174,2,A192,A201,1
892,A132,15,A34,A43,1829,A61,A75,4,A93,A101,4,A123,A14,A143,A152,2,A173,1,A192,A201,1
893,A132,12,A34,A40,2171,A61,A73,4,A93,A101,4,A122,A11,A141,A152,2,A172,1,A191,A202,1
894,A132,36,A34,A41,5800,A61,A73,3,A93,A101,4,A123,A12,A143,A152,2,A173,1,A192,A201,1
895,A132,18,A34,A43,1169,A65,A73,4,A93,A101,3,A122,A14,A143,A152,2,A173,1,A192,A201,1
896,A132,36,A33,A41,8947,A65,A74,3,A93,A101,2,A123,A14,A142,A152,1,A174,2,A192,A201,1
897,A132,21,A32,A43,2606,A61,A72,4,A92,A101,4,A122,A11,A143,A151,1,A174,1,A192,A201,1
898,A132,12,A34,A42,1592,A64,A74,3,A92,A101,2,A122,A14,A143,A152,1,A173,1,A191,A202,1
899,A132,15,A32,A42,2186,A65,A74,1,A92,A101,4,A121,A14,A141,A151,1,A172,1,A191,A201,1
900,A132,18,A32,A42,4153,A61,A73,2,A93,A102,3,A123,A11,A143,A152,1,A173,1,A191,A201,2
901,A132,16,A34,A40,2625,A61,A75,2,A93,A103,4,A122,A11,A141,A151,1,A173,1,A192,A201,2
902,A132,20,A34,A40,3485,A65,A72,2,A91,A101,4,A121,A14,A143,A152,2,A173,1,A192,A201,1
903,A132,36,A34,A41,10477,A65,A75,2,A93,A101,4,A124,A14,A143,A153,2,A173,1,A191,A201,1
904,A132,15,A32,A43,1386,A65,A73,4,A94,A101,2,A121,A14,A143,A151,1,A173,1,A192,A201,1
905,A132,24,A32,A43,1278,A61,A75,4,A93,A101,1,A121,A14,A143,A152,1,A174,1,A192,A201,1
906,A131,12,A32,A43,1107,A61,A73,2,A93,A101,2,A121,A11,A143,A151,1,A174,2,A192,A201,1
907,A131,21,A32,A40,3763,A65,A74,2,A93,A102,2,A121,A11,A143,A152,1,A172,1,A191,A202,1
908,A132,36,A32,A46,3711,A65,A73,2,A94,A101,2,A123,A12,A143,A152,1,A173,1,A191,A201,1
909,A132,15,A33,A41,3594,A61,A72,1,A92,A101,2,A122,A14,A143,A152,2,A172,1,A191,A201,1
910,A132,9,A32,A40,3195,A65,A73,1,A92,A101,2,A121,A12,A143,A152,1,A172,1,A191,A201,1
911,A132,36,A33,A43,4454,A61,A73,4,A92,A101,4,A121,A14,A143,A152,2,A173,1,A191,A201,1
912,A131,24,A34,A42,4736,A61,A72,2,A92,A101,4,A123,A12,A141,A152,1,A172,1,A191,A201,2
913,A131,30,A32,A43,2991,A65,A75,2,A92,A101,4,A123,A12,A143,A152,1,A173,1,A191,A201,1
914,A132,11,A32,A49,2142,A64,A75,1,A91,A101,2,A121,A14,A143,A152,1,A173,1,A192,A201,1
915,A132,24,A31,A49,3161,A61,A73,4,A93,A101,2,A122,A11,A143,A151,1,A173,1,A192,A201,2
916,A132,48,A30,A410,18424,A61,A73,1,A92,A101,2,A122,A12,A141,A152,1,A174,1,A192,A202,2
917,A132,10,A32,A41,2848,A62,A73,1,A93,A102,2,A121,A14,A143,A152,1,A173,2,A191,A201,1
918,A132,6,A32,A40,14896,A61,A75,1,A93,A101,4,A124,A11,A141,A152,1,A174,1,A192,A201,2
919,A132,24,A32,A42,2359,A62,A71,1,A91,A101,1,A122,A11,A143,A152,1,A173,1,A191,A201,2
920,A132,24,A32,A42,3345,A61,A75,4,A93,A101,2,A122,A11,A143,A151,1,A174,1,A192,A201,2
921,A132,18,A34,A42,1817,A61,A73,4,A92,A101,2,A124,A14,A143,A152,2,A173,1,A191,A201,1
922,A132,48,A33,A43,12749,A63,A74,4,A93,A101,1,A123,A14,A143,A152,1,A174,1,A192,A201,1
923,A131,9,A32,A43,1366,A61,A72,3,A92,A101,4,A122,A11,A143,A151,1,A173,1,A191,A201,2
924,A132,12,A32,A40,2002,A61,A74,3,A93,A101,4,A122,A12,A143,A151,1,A173,2,A192,A201,1
925,A132,24,A31,A42,6872,A61,A72,2,A91,A101,1,A122,A11,A141,A152,1,A173,1,A192,A201,2
926,A132,12,A31,A40,697,A61,A72,4,A93,A101,2,A123,A11,A141,A152,2,A173,1,A192,A201,2
927,A131,18,A34,A42,1049,A61,A72,4,A92,A101,4,A122,A11,A143,A151,1,A173,1,A191,A201,1
928,A132,48,A32,A41,10297,A61,A74,4,A93,A101,4,A124,A11,A142,A153,3,A173,2,A192,A201,2
929,A132,30,A32,A43,1867,A65,A75,4,A93,A101,4,A123,A14,A143,A152,1,A173,1,A192,A201,1
930,A132,12,A33,A40,1344,A61,A73,4,A93,A101,2,A121,A11,A143,A152,2,A172,2,A191,A201,1
931,A131,24,A32,A42,1747,A61,A72,4,A93,A102,1,A122,A11,A143,A152,1,A172,1,A191,A202,1
932,A131,9,A32,A43,1670,A61,A72,4,A92,A101,2,A123,A12,A143,A152,1,A173,1,A192,A201,2
933,A132,9,A34,A40,1224,A61,A73,3,A93,A101,1,A121,A14,A143,A152,2,A173,1,A191,A201,1
934,A132,12,A34,A43,522,A63,A75,4,A93,A101,4,A122,A14,A143,A152,2,A173,2,A192,A201,1
935,A131,12,A32,A43,1498,A61,A73,4,A92,A101,1,A123,A11,A141,A152,1,A173,1,A191,A201,1
936,A132,30,A33,A43,1919,A62,A72,4,A93,A101,3,A124,A12,A142,A152,2,A174,1,A191,A201,2
937,A132,9,A32,A43,745,A61,A73,3,A92,A101,2,A121,A13,A143,A152,1,A172,1,A191,A201,2
938,A132,6,A32,A43,2063,A61,A72,4,A94,A101,3,A123,A12,A143,A151,1,A174,1,A192,A201,1
939,A132,60,A32,A46,6288,A61,A73,4,A93,A101,4,A124,A12,A143,A153,1,A173,1,A191,A201,2
940,A132,24,A34,A41,6842,A65,A73,2,A93,A101,4,A122,A14,A143,A152,2,A174,2,A192,A201,1
941,A132,12,A32,A40,3527,A65,A72,2,A93,A101,3,A122,A14,A143,A152,1,A174,2,A192,A201,1
942,A132,10,A32,A40,1546,A61,A73,3,A93,A101,2,A121,A14,A143,A152,1,A172,2,A191,A202,1
943,A132,24,A32,A42,929,A65,A74,4,A93,A101,2,A123,A14,A142,A152,1,A173,1,A192,A201,1
944,A132,4,A34,A40,1455,A61,A74,2,A93,A101,1,A121,A14,A143,A152,3,A172,2,A191,A201,1
945,A132,15,A32,A42,1845,A61,A72,4,A92,A103,1,A122,A11,A143,A151,1,A173,1,A191,A201,1
946,A132,48,A30,A40,8358,A63,A72,1,A92,A101,1,A123,A12,A143,A152,2,A173,1,A191,A201,1
947,A132,24,A31,A42,3349,A63,A72,4,A93,A101,4,A124,A11,A143,A153,1,A173,2,A192,A201,2
948,A132,12,A32,A40,2859,A65,A71,4,A93,A101,4,A124,A14,A143,A152,1,A174,1,A192,A201,1
949,A132,18,A32,A42,1533,A61,A72,4,A94,A102,1,A122,A14,A143,A152,1,A172,2,A191,A201,2
950,A132,24,A32,A43,3621,A62,A75,2,A93,A101,4,A123,A14,A143,A152,2,A173,1,A191,A201,2
951,A132,18,A34,A49,3590,A61,A71,3,A94,A101,3,A123,A12,A143,A152,3,A171,2,A192,A201,1
952,A131,36,A33,A49,2145,A61,A74,2,A93,A101,1,A123,A11,A143,A152,2,A173,1,A192,A201,2
953,A132,24,A32,A41,4113,A63,A72,3,A92,A101,4,A123,A12,A143,A151,1,A173,1,A191,A201,2
954,A132,36,A32,A42,10974,A61,A71,4,A92,A101,2,A123,A14,A143,A152,2,A174,1,A192,A201,2
955,A132,12,A32,A40,1893,A61,A73,4,A92,A103,4,A122,A11,A143,A152,1,A173,1,A192,A201,1
956,A132,24,A34,A43,1231,A64,A75,4,A92,A101,4,A122,A11,A143,A151,2,A174,1,A192,A201,1
957,A132,30,A34,A43,3656,A65,A75,4,A93,A101,4,A122,A13,A142,A152,2,A172,1,A191,A201,1
958,A132,9,A34,A43,1154,A61,A75,2,A93,A101,4,A121,A12,A143,A152,3,A172,1,A191,A201,1
959,A132,28,A32,A40,4006,A61,A73,3,A93,A101,2,A123,A11,A143,A152,1,A172,1,A191,A201,2
960,A132,24,A32,A42,3069,A62,A75,4,A93,A101,4,A124,A12,A143,A153,1,A173,1,A191,A201,1
961,A132,6,A34,A43,1740,A61,A75,2,A94,A101,2,A121,A14,A143,A151,2,A173,1,A191,A201,1
962,A132,21,A33,A40,2353,A61,A73,1,A91,A101,4,A122,A12,A143,A152,2,A173,1,A191,A201,1
963,A132,15,A32,A40,3556,A65,A73,3,A93,A101,2,A124,A14,A143,A152,1,A173,1,A191,A201,1
964,A132,24,A32,A43,2397,A63,A75,3,A93,A101,2,A123,A14,A141,A152,2,A173,1,A192,A201,2
965,A131,6,A32,A45,454,A61,A72,3,A94,A101,1,A122,A12,A143,A152,1,A172,1,A191,A201,1
966,A132,30,A32,A43,1715,A65,A73,4,A92,A101,1,A123,A12,A143,A152,1,A173,1,A191,A201,1
967,A131,27,A34,A43,2520,A63,A73,4,A93,A101,2,A122,A12,A143,A152,2,A172,1,A191,A201,2
968,A132,15,A32,A43,3568,A61,A75,4,A92,A101,2,A123,A14,A141,A151,1,A174,1,A192,A201,1
969,A132,42,A32,A43,7166,A65,A74,2,A94,A101,4,A122,A14,A143,A151,1,A173,1,A192,A201,1
970,A132,11,A34,A40,3939,A61,A73,1,A93,A101,2,A121,A11,A143,A152,2,A172,2,A191,A201,1
971,A131,15,A32,A45,1514,A62,A73,4,A93,A103,2,A121,A12,A143,A152,1,A173,1,A191,A201,1
972,A132,24,A32,A40,7393,A61,A73,1,A93,A101,4,A122,A14,A143,A152,1,A172,2,A191,A201,1
973,A132,24,A31,A40,1193,A61,A71,1,A92,A102,4,A124,A11,A143,A151,2,A171,1,A191,A201,2
974,A132,60,A32,A49,7297,A61,A75,4,A93,A102,4,A124,A11,A143,A151,1,A173,1,A191,A201,2
975,A132,30,A34,A43,2831,A61,A73,4,A92,A101,2,A123,A14,A143,A152,1,A173,1,A192,A201,1
976,A132,24,A32,A43,1258,A63,A73,3,A92,A101,3,A123,A13,A143,A152,1,A172,1,A191,A201,1
977,A132,6,A32,A43,753,A61,A73,2,A92,A103,3,A121,A12,A143,A152,1,A173,1,A191,A201,1
978,A132,18,A33,A49,2427,A65,A75,4,A93,A101,2,A122,A12,A143,A152,2,A173,1,A191,A201,1
979,A132,24,A33,A40,2538,A61,A75,4,A93,A101,4,A123,A14,A143,A152,2,A172,2,A191,A201,2
980,A131,15,A31,A40,1264,A62,A73,2,A94,A101,2,A122,A12,A143,A151,1,A173,1,A191,A201,2
981,A132,30,A34,A42,8386,A61,A74,2,A93,A101,2,A122,A12,A143,A152,1,A173,1,A191,A201,2
982,A132,48,A32,A49,4844,A61,A71,3,A93,A101,2,A123,A14,A141,A151,1,A174,1,A192,A201,2
983,A132,21,A32,A40,2923,A62,A73,1,A92,A101,1,A123,A13,A141,A152,1,A174,1,A192,A201,1
984,A132,36,A32,A41,8229,A61,A73,2,A93,A101,2,A122,A11,A143,A152,1,A173,2,A191,A201,2
985,A132,24,A34,A42,2028,A61,A74,2,A93,A101,2,A122,A14,A143,A152,2,A172,1,A191,A201,1
986,A131,15,A34,A42,1433,A61,A73,4,A92,A101,3,A122,A11,A143,A151,2,A173,1,A191,A201,1
987,A132,42,A30,A49,6289,A61,A72,2,A91,A101,1,A122,A13,A143,A152,2,A173,1,A191,A201,1
988,A132,13,A32,A43,1409,A62,A71,2,A92,A101,4,A121,A14,A143,A152,1,A173,1,A191,A201,1
989,A132,24,A32,A41,6579,A61,A71,4,A93,A101,2,A124,A11,A143,A153,1,A174,1,A192,A201,1
990,A132,24,A34,A43,1743,A61,A75,4,A93,A101,2,A122,A12,A143,A152,2,A172,1,A191,A201,1
991,A132,12,A34,A46,3565,A65,A72,2,A93,A101,1,A122,A14,A143,A152,2,A172,2,A191,A201,1
992,A132,15,A31,A43,1569,A62,A75,4,A93,A101,4,A123,A14,A141,A152,1,A172,2,A191,A201,1
993,A131,18,A32,A43,1936,A65,A74,2,A94,A101,4,A123,A11,A143,A151,2,A172,1,A191,A201,1
994,A132,36,A32,A42,3959,A61,A71,4,A93,A101,3,A122,A11,A143,A152,1,A174,1,A192,A201,1
995,A132,12,A32,A40,2390,A65,A75,4,A93,A101,3,A123,A14,A143,A152,1,A173,1,A192,A201,1
996,A132,12,A32,A42,1736,A61,A74,3,A92,A101,4,A121,A14,A143,A152,1,A172,1,A191,A201,1
997,A132,30,A32,A41,3857,A61,A73,4,A91,A101,4,A122,A11,A143,A152,1,A174,1,A192,A201,1
998,A132,12,A32,A43,804,A61,A75,4,A93,A101,4,A123,A14,A143,A152,1,A173,1,A191,A201,1
999,A131,45,A32,A43,1845,A61,A73,4,A93,A101,4,A124,A11,A143,A153,1,A173,1,A192,A201,2
1000,A132,45,A34,A41,4576,A62,A71,3,A93,A101,4,A123,A12,A143,A152,1,A173,1,A191,A201,1